{
  "uuid": "48f09352-6ef3-437f-aa08-a91253c547c0",
  "starterPrompted": true,
  "starterLocked": false,
  "starterSelected": true,
  "starterUUID": "d4bdd97b-5912-44f7-bad3-026184e4bf00",
  "keyItems": [],
  "battleTheme": "cobblemon:battle.pvp.default",
  "extraData": {},
  "advancementData": {
    "totalCaptureCount": 3,
    "totalEggsHatched": 0,
    "totalEvolvedCount": 1,
    "totalBattleVictoryCount": 8,
    "totalPvPBattleVictoryCount": 0,
    "totalPvWBattleVictoryCount": 8,
    "totalPvNBattleVictoryCount": 0,
    "totalShinyCaptureCount": 0,
    "totalTradedCount": 1,
    "totalTypeCaptureCounts": {
      "psychic": 2,
      "normal": 1,
      "fairy": 1
    },
    "totalDefeatedCounts": {
      "cobblemon:butterfree": 1,
      "cobblemon:pidgey": 2,
      "cobblemon:lechonk": 1,
      "cobblemon:tauros": 2,
      "cobblemon:buneary": 1,
      "cobblemon:jigglypuff": 1
    },
    "aspectsCollected": {}
  }
}