{
  "uuid": "48f09352-6ef3-437f-aa08-a91253c547c0",
  "starterPrompted": true,
  "starterLocked": false,
  "starterSelected": true,
  "starterUUID": "d4bdd97b-5912-44f7-bad3-026184e4bf00",
  "keyItems": [],
  "battleTheme": "cobblemon:battle.pvp.default",
  "extraData": {},
  "advancementData": {
    "totalCaptureCount": 6,
    "totalEggsHatched": 0,
    "totalEvolvedCount": 1,
    "totalBattleVictoryCount": 25,
    "totalPvPBattleVictoryCount": 0,
    "totalPvWBattleVictoryCount": 25,
    "totalPvNBattleVictoryCount": 0,
    "totalShinyCaptureCount": 0,
    "totalTradedCount": 2,
    "totalTypeCaptureCounts": {
      "psychic": 2,
      "normal": 1,
      "fairy": 1,
      "water": 1,
      "ice": 1,
      "electric": 2
    },
    "totalDefeatedCounts": {
      "cobblemon:butterfree": 1,
      "cobblemon:pidgey": 3,
      "cobblemon:lechonk": 1,
      "cobblemon:tauros": 2,
      "cobblemon:buneary": 1,
      "cobblemon:jigglypuff": 1,
      "cobblemon:oddish": 1,
      "cobblemon:roselia": 1,
      "cobblemon:igglybuff": 1,
      "cobblemon:cottonee": 2,
      "cobblemon:wooloo": 1,
      "cobblemon:petilil": 1,
      "cobblemon:stonjourner": 2,
      "cobblemon:plusle": 1,
      "cobblemon:patrat": 1,
      "cobblemon:swellow": 2,
      "cobblemon:drifblim": 1,
      "cobblemon:miltank": 1,
      "cobblemon:flaaffy": 1
    },
    "aspectsCollected": {}
  }
}