{
  "uuid": "1f3d3496-41be-4488-9dbb-dd0b9824c5a9",
  "starterPrompted": true,
  "starterLocked": false,
  "starterSelected": true,
  "starterUUID": "3d20439d-fed6-4b50-a56b-d675d8b21860",
  "keyItems": [],
  "battleTheme": "cobblemon:battle.pvp.default",
  "extraData": {},
  "advancementData": {
    "totalCaptureCount": 2,
    "totalEggsHatched": 0,
    "totalEvolvedCount": 0,
    "totalBattleVictoryCount": 2,
    "totalPvPBattleVictoryCount": 0,
    "totalPvWBattleVictoryCount": 2,
    "totalPvNBattleVictoryCount": 0,
    "totalShinyCaptureCount": 0,
    "totalTradedCount": 0,
    "totalTypeCaptureCounts": {
      "rock": 1,
      "ground": 2,
      "normal": 1
    },
    "totalDefeatedCounts": {
      "cobblemon:bunnelby": 1,
      "cobblemon:combee": 1
    },
    "aspectsCollected": {}
  }
}