{
  "uuid": "30b12d02-1a06-4e13-8006-227ecbd348db",
  "starterPrompted": true,
  "starterLocked": false,
  "starterSelected": true,
  "starterUUID": "3ed41d0e-7712-466c-9195-726efa25739b",
  "keyItems": [],
  "battleTheme": "cobblemon:battle.pvp.default",
  "extraData": {},
  "advancementData": {
    "totalCaptureCount": 4,
    "totalEggsHatched": 0,
    "totalEvolvedCount": 2,
    "totalBattleVictoryCount": 0,
    "totalPvPBattleVictoryCount": 0,
    "totalPvWBattleVictoryCount": 0,
    "totalPvNBattleVictoryCount": 0,
    "totalShinyCaptureCount": 0,
    "totalTradedCount": 0,
    "totalTypeCaptureCounts": {
      "bug": 1,
      "poison": 1,
      "normal": 2,
      "flying": 1,
      "psychic": 1
    },
    "totalDefeatedCounts": {},
    "aspectsCollected": {}
  }
}