{
  "uuid": "30b12d02-1a06-4e13-8006-227ecbd348db",
  "starterPrompted": true,
  "starterLocked": false,
  "starterSelected": true,
  "starterUUID": "3ed41d0e-7712-466c-9195-726efa25739b",
  "keyItems": [],
  "battleTheme": "cobblemon:battle.pvp.default",
  "extraData": {},
  "advancementData": {
    "totalCaptureCount": 6,
    "totalEggsHatched": 0,
    "totalEvolvedCount": 6,
    "totalBattleVictoryCount": 9,
    "totalPvPBattleVictoryCount": 1,
    "totalPvWBattleVictoryCount": 8,
    "totalPvNBattleVictoryCount": 0,
    "totalShinyCaptureCount": 0,
    "totalTradedCount": 2,
    "totalTypeCaptureCounts": {
      "bug": 1,
      "poison": 2,
      "normal": 2,
      "flying": 1,
      "psychic": 1,
      "fire": 1,
      "ghost": 1
    },
    "totalDefeatedCounts": {
      "cobblemon:patrat": 1,
      "cobblemon:ponyta": 1,
      "cobblemon:lechonk": 1,
      "cobblemon:wooloo": 1,
      "cobblemon:sawsbuck": 1,
      "cobblemon:swellow": 1,
      "cobblemon:deerling": 1,
      "cobblemon:ditto": 1
    },
    "aspectsCollected": {}
  }
}