{"stats":{"minecraft:picked_up":{"cobblemon:red_apricorn_seed":1,"minecraft:pink_petals":8,"minecraft:crafting_table":3,"cobblemon:apricorn_log":5,"cobblemon:yellow_apricorn":5,"minecraft:leather":2,"cobblemon:red_apricorn":8,"cobblemon:fast_ball":21,"cobblemon:cheri_berry":69,"cobblemon:persim_berry":11,"minecraft:cherry_log":8,"minecraft:dirt":2,"minecraft:rotten_flesh":2,"minecraft:wheat_seeds":1,"minecraft:beef":10,"minecraft:furnace":1,"cobblemon:chesto_berry":14,"minecraft:black_wool":1,"minecraft:mutton":4,"minecraft:coal":32,"minecraft:white_wool":2,"minecraft:cobblestone":22,"minecraft:sunflower":1},"minecraft:used":{"minecraft:stone_sword":23,"minecraft:stone_pickaxe":18,"minecraft:wooden_pickaxe":23,"minecraft:stone_axe":2,"minecraft:dirt":1,"minecraft:crafting_table":3,"minecraft:furnace":1,"minecraft:cooked_beef":2},"minecraft:dropped":{"minecraft:wheat_seeds":1,"minecraft:cobblestone":1},"minecraft:crafted":{"minecraft:cherry_planks":8,"minecraft:crafting_table":1,"minecraft:stick":16,"minecraft:wooden_pickaxe":1,"minecraft:stone_pickaxe":1,"minecraft:stone_sword":1,"cobblemon:apricorn_planks":20,"minecraft:furnace":1,"minecraft:stone_axe":1,"minecraft:cooked_mutton":3,"minecraft:air":0,"minecraft:cooked_beef":10},"minecraft:killed_by":{"minecraft:creeper":1,"minecraft:zombie":1},"minecraft:mined":{"minecraft:pink_petals":12,"minecraft:furnace":1,"minecraft:cherry_log":5,"cobblemon:apricorn_log":5,"minecraft:crafting_table":3,"cobblemon:apricorn_leaves":2,"minecraft:grass":12,"minecraft:grass_block":2,"minecraft:coal_ore":17,"minecraft:sunflower":1,"minecraft:dirt":2,"minecraft:tall_grass":1,"minecraft:stone":21},"minecraft:killed":{"minecraft:sheep":3,"minecraft:zombie":1,"minecraft:cow":4},"minecraft:custom":{"minecraft:time_since_rest":28757,"minecraft:interact_with_furnace":8,"minecraft:sprint_one_cm":57389,"minecraft:damage_taken":685,"minecraft:walk_one_cm":75558,"minecraft:mob_kills":8,"minecraft:drop":2,"minecraft:damage_dealt":867,"minecraft:interact_with_crafting_table":3,"minecraft:fly_one_cm":99072,"minecraft:open_chest":3,"minecraft:crouch_one_cm":1090,"minecraft:play_time":35927,"minecraft:deaths":2,"minecraft:sneak_time":218,"minecraft:jump":533,"minecraft:time_since_death":28732,"minecraft:interact_with_smoker":2,"minecraft:climb_one_cm":2658,"minecraft:total_world_time":35927,"minecraft:fall_one_cm":13789}},"DataVersion":3465}