{"stats":{"minecraft:picked_up":{"minecraft:pink_petals":8,"minecraft:crafting_table":3,"minecraft:feather":1,"minecraft:chicken":1,"cobblemon:yellow_apricorn":5,"minecraft:leather":2,"cobblemon:red_apricorn":8,"minecraft:dirt":3,"travelersbackpack:diamond":1,"minecraft:wheat_seeds":1,"cobblemon:green_apricorn":3,"minecraft:beef":10,"cobblemon:big_root":3,"minecraft:sugar_cane":6,"minecraft:furnace":1,"cobblemon:red_apricorn_seed":1,"minecraft:raw_iron":7,"cobblemon:apricorn_log":5,"cobblemon:fast_ball":21,"cobblemon:cheri_berry":69,"minecraft:porkchop":5,"minecraft:cherry_log":8,"cobblemon:persim_berry":14,"minecraft:rotten_flesh":5,"cobblemon:chesto_berry":14,"minecraft:black_wool":2,"cobblemon:energy_root":2,"minecraft:mutton":7,"minecraft:coal":46,"minecraft:white_wool":3,"minecraft:cobblestone":23,"minecraft:sunflower":1},"minecraft:used":{"minecraft:stone_sword":52,"minecraft:stone_pickaxe":45,"minecraft:wooden_pickaxe":23,"minecraft:dirt":3,"minecraft:crafting_table":3,"minecraft:stone_axe":2,"minecraft:furnace":1,"minecraft:cooked_beef":8},"minecraft:dropped":{"minecraft:wheat_seeds":1,"minecraft:cobblestone":1},"minecraft:crafted":{"minecraft:cooked_beef":10,"minecraft:cherry_planks":8,"minecraft:crafting_table":1,"minecraft:wooden_pickaxe":1,"cobblemon:apricorn_planks":20,"minecraft:furnace":1,"minecraft:stone_axe":1,"minecraft:cooked_mutton":3,"minecraft:air":0,"minecraft:stick":16,"minecraft:stone_pickaxe":1,"minecraft:stone_sword":1},"minecraft:killed_by":{"minecraft:creeper":1,"minecraft:zombie":1},"minecraft:mined":{"minecraft:cherry_log":5,"cobblemon:big_root":3,"cobblemon:apricorn_log":5,"minecraft:crafting_table":3,"cobblemon:apricorn_leaves":2,"minecraft:grass_block":2,"cobblemon:energy_root":2,"minecraft:tall_grass":6,"minecraft:sugar_cane":2,"minecraft:pink_petals":12,"minecraft:furnace":1,"minecraft:iron_ore":7,"minecraft:grass":12,"minecraft:coal_ore":31,"minecraft:sunflower":1,"minecraft:dirt":3,"minecraft:stone":22},"minecraft:killed":{"minecraft:pig":3,"cobblemon:pokemon":1,"minecraft:sheep":5,"minecraft:zombie":3,"minecraft:cow":4},"minecraft:custom":{"minecraft:interact_with_furnace":8,"minecraft:mob_kills":16,"minecraft:interact_with_crafting_table":3,"minecraft:leave_game":1,"minecraft:time_since_death":50740,"minecraft:climb_one_cm":2658,"minecraft:time_since_rest":50765,"minecraft:sprint_one_cm":147296,"minecraft:damage_taken":1035,"minecraft:walk_one_cm":112505,"minecraft:drop":2,"minecraft:damage_dealt":1980,"minecraft:swim_one_cm":6090,"minecraft:fly_one_cm":259147,"minecraft:open_chest":3,"minecraft:crouch_one_cm":2339,"minecraft:play_time":57935,"minecraft:deaths":2,"minecraft:sneak_time":496,"minecraft:walk_under_water_one_cm":2335,"minecraft:jump":1150,"minecraft:walk_on_water_one_cm":3785,"minecraft:interact_with_smoker":2,"minecraft:total_world_time":57935,"minecraft:fall_one_cm":30000}},"DataVersion":3465}