{"stats":{"minecraft:picked_up":{"cobblemon:red_apricorn_seed":1,"minecraft:pink_petals":8,"minecraft:crafting_table":2,"cobblemon:apricorn_log":5,"cobblemon:yellow_apricorn":5,"minecraft:leather":2,"cobblemon:red_apricorn":8,"cobblemon:fast_ball":21,"cobblemon:cheri_berry":43,"minecraft:cherry_log":8,"minecraft:wheat_seeds":1,"minecraft:beef":10,"cobblemon:chesto_berry":14,"minecraft:black_wool":1,"minecraft:mutton":3,"minecraft:white_wool":1,"minecraft:cobblestone":21,"minecraft:sunflower":1},"minecraft:used":{"minecraft:stone_sword":15,"minecraft:wooden_pickaxe":20,"minecraft:stone_axe":1,"minecraft:crafting_table":2},"minecraft:dropped":{"minecraft:wheat_seeds":1,"minecraft:cobblestone":1},"minecraft:crafted":{"minecraft:cherry_planks":8,"minecraft:crafting_table":1,"minecraft:stick":16,"minecraft:wooden_pickaxe":1,"minecraft:stone_pickaxe":1,"minecraft:stone_sword":1,"cobblemon:apricorn_planks":20,"minecraft:stone_axe":1},"minecraft:killed_by":{"minecraft:creeper":1,"minecraft:zombie":1},"minecraft:mined":{"minecraft:pink_petals":12,"minecraft:cherry_log":5,"cobblemon:apricorn_log":5,"minecraft:crafting_table":2,"cobblemon:apricorn_leaves":2,"minecraft:grass":12,"minecraft:sunflower":1,"minecraft:tall_grass":1,"minecraft:stone":20},"minecraft:killed":{"minecraft:sheep":2,"minecraft:cow":4},"minecraft:custom":{"minecraft:time_since_rest":16757,"minecraft:sprint_one_cm":41264,"minecraft:damage_taken":685,"minecraft:walk_one_cm":55896,"minecraft:mob_kills":6,"minecraft:drop":2,"minecraft:damage_dealt":587,"minecraft:interact_with_crafting_table":2,"minecraft:fly_one_cm":66018,"minecraft:open_chest":3,"minecraft:crouch_one_cm":1090,"minecraft:play_time":23927,"minecraft:deaths":2,"minecraft:sneak_time":218,"minecraft:jump":342,"minecraft:time_since_death":16732,"minecraft:interact_with_smoker":2,"minecraft:climb_one_cm":2658,"minecraft:total_world_time":23927,"minecraft:fall_one_cm":9075}},"DataVersion":3465}