{"stats":{"minecraft:picked_up":{"minecraft:pink_petals":8,"cobblemon:red_apricorn":7,"cobblemon:fast_ball":20,"minecraft:cherry_log":4,"cobblemon:red_apricorn_seed":1},"minecraft:crafted":{"minecraft:cherry_planks":8,"minecraft:crafting_table":1,"minecraft:stick":8},"minecraft:killed_by":{"minecraft:creeper":1,"minecraft:zombie":1},"minecraft:mined":{"minecraft:pink_petals":11,"minecraft:grass":6,"minecraft:cherry_log":1},"minecraft:custom":{"minecraft:time_since_rest":4757,"minecraft:open_chest":3,"minecraft:crouch_one_cm":852,"minecraft:play_time":11927,"minecraft:sprint_one_cm":17734,"minecraft:walk_one_cm":15789,"minecraft:damage_taken":585,"minecraft:deaths":2,"minecraft:sneak_time":154,"minecraft:jump":66,"minecraft:damage_dealt":27,"minecraft:time_since_death":4732,"minecraft:total_world_time":11927,"minecraft:fall_one_cm":987,"minecraft:fly_one_cm":15303}},"DataVersion":3465}