{"stats":{"minecraft:picked_up":{"minecraft:pink_petals":8,"minecraft:crafting_table":3,"minecraft:feather":1,"minecraft:chicken":1,"cobblemon:yellow_apricorn":5,"minecraft:leather":2,"cobblemon:red_apricorn":8,"minecraft:dirt":3,"travelersbackpack:diamond":1,"minecraft:wheat_seeds":1,"cobblemon:green_apricorn":3,"minecraft:beef":10,"cobblemon:big_root":3,"minecraft:furnace":1,"cobblemon:red_apricorn_seed":1,"minecraft:raw_iron":7,"cobblemon:apricorn_log":5,"cobblemon:fast_ball":21,"cobblemon:cheri_berry":69,"minecraft:porkchop":2,"minecraft:cherry_log":8,"cobblemon:persim_berry":14,"minecraft:rotten_flesh":5,"cobblemon:chesto_berry":14,"minecraft:black_wool":2,"minecraft:mutton":7,"minecraft:coal":46,"cobblemon:energy_root":2,"minecraft:white_wool":3,"minecraft:cobblestone":23,"minecraft:sunflower":1},"minecraft:used":{"minecraft:stone_sword":49,"minecraft:stone_pickaxe":45,"minecraft:wooden_pickaxe":23,"minecraft:dirt":3,"minecraft:crafting_table":3,"minecraft:stone_axe":2,"minecraft:furnace":1,"minecraft:cooked_beef":5},"minecraft:dropped":{"minecraft:wheat_seeds":1,"minecraft:cobblestone":1},"minecraft:crafted":{"minecraft:cooked_beef":10,"minecraft:cherry_planks":8,"minecraft:crafting_table":1,"minecraft:wooden_pickaxe":1,"cobblemon:apricorn_planks":20,"minecraft:furnace":1,"minecraft:stone_axe":1,"minecraft:cooked_mutton":3,"minecraft:air":0,"minecraft:stick":16,"minecraft:stone_pickaxe":1,"minecraft:stone_sword":1},"minecraft:killed_by":{"minecraft:creeper":1,"minecraft:zombie":1},"minecraft:mined":{"minecraft:cherry_log":5,"cobblemon:apricorn_log":5,"cobblemon:big_root":3,"minecraft:crafting_table":3,"cobblemon:apricorn_leaves":2,"minecraft:grass_block":2,"cobblemon:energy_root":2,"minecraft:tall_grass":5,"minecraft:pink_petals":12,"minecraft:furnace":1,"minecraft:iron_ore":7,"minecraft:grass":12,"minecraft:coal_ore":31,"minecraft:sunflower":1,"minecraft:dirt":3,"minecraft:stone":22},"minecraft:killed":{"minecraft:pig":2,"cobblemon:pokemon":1,"minecraft:sheep":5,"minecraft:zombie":3,"minecraft:cow":4},"minecraft:custom":{"minecraft:interact_with_furnace":8,"minecraft:mob_kills":15,"minecraft:interact_with_crafting_table":3,"minecraft:time_since_death":40732,"minecraft:climb_one_cm":2658,"minecraft:time_since_rest":40757,"minecraft:sprint_one_cm":94349,"minecraft:damage_taken":855,"minecraft:walk_one_cm":100256,"minecraft:drop":2,"minecraft:damage_dealt":1880,"minecraft:swim_one_cm":5209,"minecraft:fly_one_cm":165097,"minecraft:open_chest":3,"minecraft:crouch_one_cm":2339,"minecraft:play_time":47927,"minecraft:deaths":2,"minecraft:sneak_time":492,"minecraft:walk_under_water_one_cm":1657,"minecraft:jump":807,"minecraft:walk_on_water_one_cm":2948,"minecraft:total_world_time":47927,"minecraft:interact_with_smoker":2,"minecraft:fall_one_cm":20814}},"DataVersion":3465}