{"stats":{"minecraft:picked_up":{"minecraft:pink_petals":8,"minecraft:crafting_table":3,"minecraft:feather":1,"minecraft:chicken":1,"cobblemon:yellow_apricorn":5,"minecraft:leather":2,"cobblemon:red_apricorn":8,"minecraft:dirt":23,"travelersbackpack:diamond":1,"minecraft:wheat_seeds":1,"cobblemon:green_apricorn":3,"minecraft:beef":10,"cobblemon:big_root":3,"minecraft:sugar_cane":6,"minecraft:furnace":1,"cobblemon:red_apricorn_seed":1,"minecraft:raw_iron":7,"cobblemon:apricorn_log":5,"cobblemon:fast_ball":22,"cobblemon:cheri_berry":89,"cobblemon:premier_ball":5,"minecraft:porkchop":5,"minecraft:cherry_log":8,"cobblemon:persim_berry":14,"minecraft:rotten_flesh":5,"cobblemon:chesto_berry":14,"minecraft:black_wool":2,"cobblemon:energy_root":2,"minecraft:mutton":7,"minecraft:coal":46,"minecraft:white_wool":3,"minecraft:cobblestone":23,"minecraft:sunflower":1},"minecraft:used":{"minecraft:cooked_mutton":2,"minecraft:stone_sword":52,"minecraft:stone_pickaxe":45,"minecraft:wooden_pickaxe":23,"travelersbackpack:diamond":1,"minecraft:torch":1,"minecraft:dirt":4,"minecraft:crafting_table":4,"minecraft:white_bed":1,"minecraft:stone_axe":2,"minecraft:furnace":2,"minecraft:cooked_beef":9},"minecraft:dropped":{"minecraft:wheat_seeds":1,"minecraft:cobblestone":1,"minecraft:rotten_flesh":5},"minecraft:crafted":{"minecraft:cooked_beef":10,"minecraft:cherry_planks":24,"minecraft:crafting_table":1,"minecraft:wooden_pickaxe":1,"cobblemon:apricorn_planks":20,"minecraft:furnace":1,"minecraft:stone_axe":1,"minecraft:cooked_mutton":3,"minecraft:air":0,"minecraft:stick":16,"minecraft:iron_ingot":3,"minecraft:stone_pickaxe":1,"minecraft:stone_sword":1,"minecraft:white_bed":1,"minecraft:torch":36},"minecraft:killed_by":{"minecraft:creeper":1,"minecraft:zombie":1},"minecraft:mined":{"minecraft:cherry_log":5,"cobblemon:big_root":3,"cobblemon:apricorn_log":5,"minecraft:crafting_table":3,"cobblemon:apricorn_leaves":2,"minecraft:grass_block":3,"cobblemon:energy_root":2,"minecraft:tall_grass":6,"minecraft:sugar_cane":2,"minecraft:pink_petals":12,"minecraft:furnace":1,"minecraft:iron_ore":7,"minecraft:grass":17,"minecraft:coal_ore":31,"minecraft:sunflower":1,"minecraft:dirt":22,"minecraft:stone":22},"minecraft:killed":{"minecraft:pig":3,"cobblemon:pokemon":1,"minecraft:sheep":5,"minecraft:zombie":3,"minecraft:cow":4},"minecraft:custom":{"minecraft:interact_with_furnace":12,"minecraft:mob_kills":16,"minecraft:interact_with_crafting_table":4,"minecraft:open_shulker_box":2,"minecraft:leave_game":2,"minecraft:time_since_death":66298,"minecraft:sleep_in_bed":1,"minecraft:climb_one_cm":2658,"minecraft:time_since_rest":985,"minecraft:sprint_one_cm":170244,"minecraft:damage_taken":1260,"minecraft:walk_one_cm":134846,"minecraft:drop":3,"minecraft:damage_dealt":1980,"minecraft:swim_one_cm":6090,"minecraft:fly_one_cm":303597,"minecraft:open_chest":7,"minecraft:crouch_one_cm":4247,"minecraft:play_time":73493,"minecraft:deaths":2,"minecraft:sneak_time":967,"minecraft:walk_under_water_one_cm":2335,"minecraft:jump":1338,"minecraft:walk_on_water_one_cm":3785,"minecraft:interact_with_smoker":2,"minecraft:total_world_time":73493,"minecraft:fall_one_cm":34215}},"DataVersion":3465}