{"stats":{"minecraft:picked_up":{"minecraft:pink_petals":41,"cobblemon:sun_stone":1,"minecraft:raw_iron":3,"minecraft:andesite":43,"minecraft:copper_ingot":6,"minecraft:golden_leggings":1,"cobblemon:red_apricorn":6,"minecraft:wooden_pickaxe":1,"minecraft:cherry_log":2,"minecraft:dirt":38,"minecraft:string":2,"minecraft:raw_copper":4,"minecraft:cooked_mutton":1,"minecraft:arrow":1,"minecraft:bone":2,"minecraft:honey_bottle":1,"minecraft:rotten_flesh":2,"cobblemon:poke_ball":13,"minecraft:wheat_seeds":3,"minecraft:rabbit_hide":2,"minecraft:granite":5,"cobblemon:oran_berry":19,"minecraft:cherry_sapling":1,"minecraft:iron_pickaxe":1,"minecraft:rabbit":2,"cobblemon:big_root":4,"cobblemon:chesto_berry":13,"minecraft:black_wool":1,"minecraft:mutton":7,"cobblemon:blue_apricorn":5,"minecraft:coal":1,"minecraft:white_wool":2,"minecraft:cobblestone":128,"minecraft:sunflower":6},"minecraft:used":{"minecraft:cooked_mutton":3,"minecraft:cherry_sapling":1,"minecraft:iron_pickaxe":178,"minecraft:wooden_pickaxe":34,"minecraft:pink_petals":3,"minecraft:cobblestone":51},"minecraft:dropped":{"cobblemon:blue_apricorn":1,"minecraft:wooden_pickaxe":1,"minecraft:cooked_mutton":3},"minecraft:crafted":{"minecraft:cherry_planks":8,"minecraft:stick":6,"minecraft:wooden_pickaxe":1,"minecraft:iron_ingot":3,"minecraft:copper_ingot":19,"minecraft:cooked_mutton":5},"minecraft:killed_by":{"minecraft:zombie":1},"minecraft:mined":{"minecraft:pink_petals":23,"minecraft:iron_ore":3,"minecraft:cherry_log":9,"minecraft:cherry_sapling":1,"minecraft:andesite":7,"cobblemon:big_root":4,"minecraft:granite":7,"minecraft:grass":8,"minecraft:grass_block":35,"minecraft:coal_ore":1,"minecraft:cherry_leaves":22,"minecraft:sunflower":9,"minecraft:dirt":5,"minecraft:copper_ore":1,"minecraft:tall_grass":1,"cobblemon:sun_stone_ore":1,"minecraft:stone":154},"minecraft:killed":{"minecraft:sheep":3,"minecraft:spider":2},"minecraft:custom":{"minecraft:time_since_rest":13132,"minecraft:interact_with_furnace":17,"minecraft:sprint_one_cm":83298,"minecraft:damage_taken":498,"minecraft:walk_one_cm":324264,"minecraft:mob_kills":5,"minecraft:drop":5,"minecraft:damage_dealt":514,"minecraft:interact_with_crafting_table":1,"minecraft:fly_one_cm":43633,"minecraft:open_chest":20,"minecraft:open_shulker_box":1,"minecraft:play_time":71854,"minecraft:crouch_one_cm":1980,"minecraft:deaths":1,"minecraft:sneak_time":277,"minecraft:jump":429,"minecraft:leave_game":2,"minecraft:time_since_death":66874,"minecraft:total_world_time":71854,"minecraft:sleep_in_bed":8,"minecraft:fall_one_cm":8396}},"DataVersion":3465}