{"stats":{"minecraft:picked_up":{"cobblemon:sun_stone":1,"minecraft:pink_petals":41,"minecraft:raw_iron":3,"minecraft:andesite":43,"minecraft:copper_ingot":6,"minecraft:golden_leggings":1,"cobblemon:red_apricorn":6,"minecraft:wooden_pickaxe":1,"minecraft:cherry_log":2,"minecraft:dirt":38,"minecraft:string":2,"minecraft:raw_copper":4,"minecraft:cooked_mutton":1,"minecraft:bone":2,"minecraft:arrow":1,"minecraft:honey_bottle":1,"cobblemon:poke_ball":12,"minecraft:wheat_seeds":3,"minecraft:rabbit_hide":1,"minecraft:granite":5,"cobblemon:oran_berry":19,"minecraft:cherry_sapling":1,"cobblemon:big_root":4,"minecraft:iron_pickaxe":1,"minecraft:rabbit":1,"cobblemon:chesto_berry":13,"minecraft:black_wool":1,"minecraft:coal":1,"minecraft:mutton":7,"cobblemon:blue_apricorn":5,"minecraft:white_wool":2,"minecraft:cobblestone":128,"minecraft:sunflower":1},"minecraft:used":{"minecraft:cooked_mutton":3,"minecraft:cherry_sapling":1,"minecraft:iron_pickaxe":158,"minecraft:wooden_pickaxe":28,"minecraft:pink_petals":3,"minecraft:cobblestone":51},"minecraft:dropped":{"cobblemon:blue_apricorn":1,"minecraft:wooden_pickaxe":1,"minecraft:cooked_mutton":3},"minecraft:crafted":{"minecraft:cherry_planks":8,"minecraft:stick":6,"minecraft:wooden_pickaxe":1,"minecraft:copper_ingot":19,"minecraft:cooked_mutton":5},"minecraft:killed_by":{"minecraft:zombie":1},"minecraft:mined":{"minecraft:pink_petals":23,"minecraft:iron_ore":3,"minecraft:cherry_log":9,"minecraft:cherry_sapling":1,"minecraft:andesite":7,"cobblemon:big_root":4,"minecraft:granite":7,"minecraft:grass":8,"minecraft:grass_block":35,"minecraft:coal_ore":1,"minecraft:cherry_leaves":22,"minecraft:sunflower":1,"minecraft:dirt":5,"minecraft:copper_ore":1,"minecraft:tall_grass":1,"cobblemon:sun_stone_ore":1,"minecraft:stone":154},"minecraft:killed":{"minecraft:sheep":3,"minecraft:spider":2},"minecraft:custom":{"minecraft:time_since_rest":14416,"minecraft:interact_with_furnace":5,"minecraft:sprint_one_cm":61051,"minecraft:damage_taken":410,"minecraft:walk_one_cm":232881,"minecraft:mob_kills":5,"minecraft:drop":5,"minecraft:damage_dealt":309,"minecraft:interact_with_crafting_table":1,"minecraft:fly_one_cm":22860,"minecraft:open_chest":13,"minecraft:crouch_one_cm":1718,"minecraft:play_time":52283,"minecraft:deaths":1,"minecraft:sneak_time":250,"minecraft:jump":293,"minecraft:leave_game":1,"minecraft:time_since_death":47303,"minecraft:sleep_in_bed":6,"minecraft:total_world_time":52283,"minecraft:fall_one_cm":6097}},"DataVersion":3465}