{"stats":{"minecraft:picked_up":{"minecraft:pink_petals":41,"minecraft:andesite":43,"minecraft:copper_ingot":6,"minecraft:golden_leggings":1,"cobblemon:red_apricorn":6,"minecraft:cherry_log":2,"minecraft:dirt":35,"minecraft:string":2,"minecraft:bone":2,"minecraft:arrow":1,"minecraft:honey_bottle":1,"cobblemon:poke_ball":12,"minecraft:wheat_seeds":3,"minecraft:rabbit_hide":1,"cobblemon:oran_berry":19,"minecraft:cherry_sapling":1,"cobblemon:big_root":4,"minecraft:iron_pickaxe":1,"minecraft:rabbit":1,"cobblemon:chesto_berry":13,"minecraft:black_wool":1,"minecraft:mutton":7,"cobblemon:blue_apricorn":4,"minecraft:white_wool":2,"minecraft:cobblestone":11,"minecraft:sunflower":1},"minecraft:used":{"minecraft:cherry_sapling":1,"minecraft:wooden_pickaxe":28,"minecraft:pink_petals":3},"minecraft:crafted":{"minecraft:cherry_planks":8,"minecraft:stick":6,"minecraft:wooden_pickaxe":1},"minecraft:killed_by":{"minecraft:zombie":1},"minecraft:mined":{"minecraft:pink_petals":23,"minecraft:cherry_log":9,"minecraft:cherry_sapling":1,"minecraft:andesite":7,"cobblemon:big_root":4,"minecraft:grass":8,"minecraft:grass_block":34,"minecraft:cherry_leaves":22,"minecraft:sunflower":1,"minecraft:dirt":3,"minecraft:tall_grass":1,"minecraft:stone":12},"minecraft:killed":{"minecraft:sheep":3,"minecraft:spider":2},"minecraft:custom":{"minecraft:time_since_rest":13928,"minecraft:interact_with_furnace":2,"minecraft:sprint_one_cm":41177,"minecraft:damage_taken":310,"minecraft:walk_one_cm":187436,"minecraft:mob_kills":5,"minecraft:damage_dealt":309,"minecraft:interact_with_crafting_table":1,"minecraft:fly_one_cm":4556,"minecraft:open_chest":8,"minecraft:crouch_one_cm":1718,"minecraft:play_time":37182,"minecraft:deaths":1,"minecraft:sneak_time":237,"minecraft:jump":132,"minecraft:time_since_death":32202,"minecraft:sleep_in_bed":5,"minecraft:total_world_time":37182,"minecraft:fall_one_cm":2422}},"DataVersion":3465}