{"stats":{"minecraft:picked_up":{"minecraft:pink_petals":38,"cobblemon:poke_ball":2,"cobblemon:oran_berry":19,"minecraft:cherry_sapling":1,"minecraft:mutton":2,"cobblemon:blue_apricorn":4,"minecraft:white_wool":1,"minecraft:dirt":30},"minecraft:used":{"minecraft:pink_petals":3,"minecraft:cherry_sapling":1},"minecraft:killed_by":{"minecraft:zombie":1},"minecraft:mined":{"minecraft:pink_petals":22,"minecraft:grass":7,"minecraft:grass_block":32,"minecraft:cherry_leaves":22,"minecraft:cherry_log":7,"minecraft:cherry_sapling":1},"minecraft:killed":{"minecraft:sheep":1},"minecraft:custom":{"minecraft:open_chest":3,"minecraft:time_since_rest":9114,"minecraft:crouch_one_cm":261,"minecraft:sprint_one_cm":30563,"minecraft:play_time":13182,"minecraft:deaths":1,"minecraft:damage_taken":310,"minecraft:walk_one_cm":26461,"minecraft:sneak_time":31,"minecraft:mob_kills":1,"minecraft:jump":30,"minecraft:damage_dealt":79,"minecraft:time_since_death":8202,"minecraft:total_world_time":13182,"minecraft:fall_one_cm":1077,"minecraft:fly_one_cm":3439}},"DataVersion":3465}