{"stats":{"minecraft:picked_up":{"minecraft:pink_petals":41,"minecraft:honey_bottle":1,"minecraft:wheat_seeds":3,"cobblemon:poke_ball":6,"cobblemon:red_apricorn":6,"minecraft:rabbit_hide":1,"cobblemon:oran_berry":19,"minecraft:cherry_sapling":1,"minecraft:cherry_log":2,"minecraft:rabbit":1,"cobblemon:chesto_berry":13,"minecraft:string":2,"minecraft:black_wool":1,"minecraft:mutton":5,"cobblemon:blue_apricorn":4,"minecraft:white_wool":2,"minecraft:dirt":30,"minecraft:sunflower":1},"minecraft:used":{"minecraft:pink_petals":3,"minecraft:cherry_sapling":1},"minecraft:killed_by":{"minecraft:zombie":1},"minecraft:mined":{"minecraft:pink_petals":23,"minecraft:grass":8,"minecraft:grass_block":32,"minecraft:cherry_leaves":22,"minecraft:sunflower":1,"minecraft:cherry_log":9,"minecraft:cherry_sapling":1},"minecraft:killed":{"minecraft:spider":1,"minecraft:sheep":3},"minecraft:custom":{"minecraft:open_chest":5,"minecraft:time_since_rest":1928,"minecraft:crouch_one_cm":1112,"minecraft:sprint_one_cm":41177,"minecraft:play_time":25182,"minecraft:deaths":1,"minecraft:damage_taken":310,"minecraft:walk_one_cm":114251,"minecraft:sneak_time":127,"minecraft:mob_kills":4,"minecraft:jump":87,"minecraft:damage_dealt":289,"minecraft:time_since_death":20202,"minecraft:sleep_in_bed":5,"minecraft:total_world_time":25182,"minecraft:interact_with_furnace":1,"minecraft:fall_one_cm":2422,"minecraft:fly_one_cm":4556}},"DataVersion":3465}