{"stats":{"minecraft:picked_up":{"minecraft:music_disc_5":1,"minecraft:pink_petals":18,"minecraft:music_disc_strad":2,"minecraft:feather":1,"minecraft:chicken":1,"minecraft:cherry_planks":32,"minecraft:leather":6,"minecraft:golden_leggings":4,"minecraft:music_disc_stal":1,"minecraft:wooden_pickaxe":1,"minecraft:oak_log":10,"minecraft:music_disc_cat":1,"minecraft:dirt":67,"minecraft:raw_copper":84,"cfm:dark_oak_blinds":1,"minecraft:wheat_seeds":10,"minecraft:beef":3,"minecraft:music_disc_otherside":1,"minecraft:music_disc_far":2,"cobblemon:quick_powder":1,"minecraft:stone_pickaxe":1,"cobblemon:oran_berry":32,"cobblemon:master_ball":66,"minecraft:oak_planks":9,"minecraft:music_disc_chirp":2,"minecraft:stick":16,"minecraft:music_disc_blocks":2,"minecraft:pumpkin":12,"minecraft:music_disc_13":1,"minecraft:music_disc_relic":1,"minecraft:music_disc_mellohi":1,"minecraft:note_block":1,"minecraft:gravel":2,"cobblemon:cheri_berry":4,"minecraft:sand":2,"minecraft:music_disc_11":4,"minecraft:music_disc_pigstep":1,"minecraft:dirt_path":1,"cfm:jungle_kitchen_sink_light":2,"cobblemon:healing_machine":1,"minecraft:music_disc_mall":3,"minecraft:rotten_flesh":4,"cobblemon:poke_ball":29,"cobblemon:dubious_disc":1,"minecraft:music_disc_ward":1,"minecraft:cherry_sapling":5,"minecraft:oak_sapling":3,"minecraft:music_disc_wait":1,"minecraft:mutton":3,"cobblemon:blue_apricorn":10,"minecraft:coal":16,"minecraft:white_wool":7,"minecraft:cobblestone":59,"minecraft:sunflower":4},"minecraft:used":{"minecraft:cooked_mutton":3,"minecraft:music_disc_far":1,"minecraft:dirt_path":3,"cfm:post_box":1,"minecraft:stone_pickaxe":95,"minecraft:wooden_pickaxe":12,"minecraft:cherry_planks":2,"minecraft:stone":12,"minecraft:black_glazed_terracotta":75,"cfm:dark_oak_blinds":1,"minecraft:dirt":47,"minecraft:mutton":1,"minecraft:crafting_table":2,"cfm:oak_kitchen_sink_light":1,"minecraft:white_bed":1,"minecraft:note_block":1,"minecraft:painting":1,"minecraft:music_disc_11":2,"cobblemon:healing_machine":1,"minecraft:redstone_torch":1,"minecraft:lever":4,"cfm:door_mat":1,"minecraft:music_disc_mall":2,"minecraft:sunflower":3,"minecraft:grass_block":99,"minecraft:bread":15,"cfm:mangrove_chair":2,"minecraft:music_disc_chirp":1,"minecraft:music_disc_blocks":1,"minecraft:golden_leggings":1,"cobblemon:pc":1,"minecraft:oak_sapling":3,"minecraft:furnace":1,"minecraft:cooked_rabbit":1,"minecraft:white_concrete":55,"minecraft:cooked_beef":3,"hamsters:hamster":1,"minecraft:cherry_log":5,"cfm:stripped_oak_upgraded_gate":1},"minecraft:broken":{"minecraft:stone_pickaxe":1},"minecraft:dropped":{"minecraft:bread":17,"minecraft:wheat_seeds":1,"minecraft:music_disc_chirp":1,"cobblemon:blue_apricorn":2,"minecraft:music_disc_otherside":1,"cobblemon:dubious_disc":1,"minecraft:music_disc_5":1,"minecraft:music_disc_relic":1,"cobblemon:cheri_berry":4,"minecraft:feather":1,"cobblemon:persim_berry":17,"minecraft:music_disc_far":1,"minecraft:music_disc_pigstep":1,"cobblemon:oran_berry":16,"minecraft:music_disc_13":1,"minecraft:music_disc_11":2,"cobblemon:poke_ball":14,"cfm:jungle_kitchen_sink_light":2,"minecraft:music_disc_mall":1,"minecraft:golden_leggings":1,"cobblemon:master_ball":1,"minecraft:music_disc_strad":2,"minecraft:music_disc_ward":1,"minecraft:pumpkin":6,"minecraft:music_disc_wait":1,"minecraft:wooden_pickaxe":1,"minecraft:music_disc_mellohi":1,"minecraft:pink_petals":1,"minecraft:music_disc_stal":1,"minecraft:music_disc_cat":1,"minecraft:music_disc_blocks":1},"minecraft:crafted":{"minecraft:cooked_beef":3,"minecraft:smooth_stone":2,"minecraft:oak_planks":20,"minecraft:crafting_table":2,"minecraft:wooden_pickaxe":1,"cobblemon:pc":1,"minecraft:furnace":1,"minecraft:stone":2,"minecraft:cooked_mutton":4,"minecraft:air":0,"minecraft:glass":1,"minecraft:stick":4,"minecraft:stone_pickaxe":1,"minecraft:white_bed":1,"minecraft:cooked_rabbit":1},"minecraft:killed_by":{"minecraft:skeleton":2,"minecraft:stray":1,"minecraft:zombie":1},"minecraft:mined":{"minecraft:grass_block":8,"minecraft:copper_ore":13,"minecraft:tall_grass":1,"minecraft:grass":9,"minecraft:coal_ore":16,"minecraft:oak_log":10,"minecraft:sunflower":1,"minecraft:sand":2,"minecraft:gravel":1,"minecraft:dirt":12,"minecraft:stone":35,"cfm:jungle_kitchen_sink_light":1,"minecraft:oak_leaves":2},"minecraft:killed":{"minecraft:sheep":1,"minecraft:zombie":2,"minecraft:cow":1},"minecraft:custom":{"minecraft:interact_with_furnace":33,"minecraft:mob_kills":4,"minecraft:play_record":7,"minecraft:interact_with_crafting_table":7,"minecraft:open_shulker_box":1,"minecraft:leave_game":5,"minecraft:time_since_death":83029,"minecraft:sleep_in_bed":7,"minecraft:climb_one_cm":1742,"minecraft:time_since_rest":13833,"minecraft:sprint_one_cm":252699,"minecraft:damage_taken":2795,"minecraft:walk_one_cm":420842,"minecraft:drop":44,"minecraft:damage_dealt":660,"minecraft:swim_one_cm":3247,"minecraft:fly_one_cm":638987,"minecraft:open_chest":24,"minecraft:play_time":209014,"minecraft:crouch_one_cm":6366,"minecraft:deaths":6,"minecraft:sneak_time":2639,"minecraft:walk_under_water_one_cm":6053,"minecraft:jump":2340,"minecraft:walk_on_water_one_cm":1438,"minecraft:total_world_time":209014,"minecraft:fall_one_cm":78406}},"DataVersion":3465}