{"stats":{"minecraft:picked_up":{"minecraft:music_disc_5":1,"minecraft:pink_petals":2,"minecraft:music_disc_strad":2,"minecraft:leather":2,"minecraft:music_disc_stal":1,"minecraft:oak_log":10,"minecraft:music_disc_cat":1,"minecraft:dirt":16,"cfm:dark_oak_blinds":1,"minecraft:wheat_seeds":1,"minecraft:beef":3,"minecraft:music_disc_otherside":1,"minecraft:music_disc_far":2,"cobblemon:master_ball":4,"minecraft:music_disc_chirp":2,"minecraft:stick":6,"minecraft:music_disc_blocks":2,"minecraft:music_disc_13":1,"minecraft:music_disc_relic":1,"minecraft:music_disc_mellohi":1,"minecraft:note_block":1,"minecraft:music_disc_11":4,"minecraft:music_disc_pigstep":1,"minecraft:dirt_path":1,"cfm:jungle_kitchen_sink_light":2,"minecraft:music_disc_mall":3,"cobblemon:poke_ball":2,"cobblemon:dubious_disc":1,"minecraft:music_disc_ward":1,"minecraft:cherry_sapling":5,"minecraft:music_disc_wait":1,"minecraft:mutton":1,"cobblemon:blue_apricorn":3,"minecraft:cobblestone":2,"minecraft:white_wool":1,"minecraft:sunflower":2},"minecraft:used":{"minecraft:music_disc_far":1,"minecraft:dirt_path":3,"cfm:post_box":1,"minecraft:wooden_pickaxe":2,"minecraft:stone":12,"minecraft:black_glazed_terracotta":75,"cfm:dark_oak_blinds":1,"minecraft:dirt":21,"minecraft:mutton":1,"minecraft:crafting_table":1,"cfm:oak_kitchen_sink_light":1,"minecraft:note_block":1,"minecraft:painting":1,"minecraft:music_disc_11":2,"minecraft:redstone_torch":1,"minecraft:lever":4,"cfm:door_mat":1,"minecraft:sunflower":2,"minecraft:music_disc_mall":2,"minecraft:grass_block":99,"cfm:mangrove_chair":2,"minecraft:music_disc_chirp":1,"minecraft:music_disc_blocks":1,"hamsters:hamster":1,"minecraft:white_concrete":55,"cfm:stripped_oak_upgraded_gate":1,"minecraft:cherry_log":5},"minecraft:dropped":{"minecraft:wheat_seeds":1,"minecraft:music_disc_chirp":1,"cobblemon:blue_apricorn":1,"minecraft:music_disc_otherside":1,"cobblemon:dubious_disc":1,"minecraft:music_disc_5":1,"minecraft:music_disc_relic":1,"minecraft:music_disc_far":1,"minecraft:music_disc_pigstep":1,"minecraft:music_disc_11":2,"minecraft:music_disc_13":1,"cfm:jungle_kitchen_sink_light":2,"minecraft:music_disc_mall":1,"minecraft:music_disc_strad":2,"minecraft:music_disc_ward":1,"minecraft:music_disc_wait":1,"minecraft:music_disc_mellohi":1,"minecraft:pink_petals":1,"minecraft:music_disc_stal":1,"minecraft:music_disc_cat":1,"minecraft:music_disc_blocks":1},"minecraft:crafted":{"minecraft:oak_planks":20,"minecraft:crafting_table":1,"minecraft:wooden_pickaxe":1,"minecraft:stick":4},"minecraft:killed_by":{"minecraft:skeleton":1,"minecraft:stray":1},"minecraft:mined":{"minecraft:grass_block":7,"minecraft:grass":2,"minecraft:oak_log":10,"minecraft:sunflower":1,"minecraft:dirt":9,"minecraft:stone":2,"cfm:jungle_kitchen_sink_light":1,"minecraft:oak_leaves":2},"minecraft:killed":{"minecraft:sheep":1,"minecraft:cow":1},"minecraft:custom":{"minecraft:mob_kills":2,"minecraft:play_record":7,"minecraft:interact_with_crafting_table":1,"minecraft:open_shulker_box":1,"minecraft:leave_game":2,"minecraft:time_since_death":91445,"minecraft:sleep_in_bed":1,"minecraft:time_since_rest":6322,"minecraft:damage_taken":1488,"minecraft:sprint_one_cm":125106,"minecraft:walk_one_cm":227194,"minecraft:drop":24,"minecraft:damage_dealt":199,"minecraft:swim_one_cm":3247,"minecraft:fly_one_cm":309430,"minecraft:open_chest":12,"minecraft:crouch_one_cm":3623,"minecraft:deaths":4,"minecraft:play_time":114358,"minecraft:sneak_time":1470,"minecraft:walk_under_water_one_cm":6053,"minecraft:jump":995,"minecraft:walk_on_water_one_cm":1286,"minecraft:total_world_time":114358,"minecraft:fall_one_cm":33264}},"DataVersion":3465}