{"stats":{"minecraft:used":{"minecraft:dirt":6},"minecraft:custom":{"minecraft:time_since_rest":274,"minecraft:walk_one_cm":15403,"minecraft:crouch_one_cm":21,"minecraft:sprint_one_cm":14368,"minecraft:play_time":14782,"minecraft:damage_taken":610,"minecraft:deaths":2,"minecraft:sneak_time":17,"minecraft:walk_under_water_one_cm":1130,"minecraft:jump":176,"minecraft:damage_dealt":6,"minecraft:leave_game":1,"minecraft:time_since_death":246,"minecraft:walk_on_water_one_cm":680,"minecraft:total_world_time":14782,"minecraft:swim_one_cm":3247,"minecraft:fall_one_cm":10913,"minecraft:fly_one_cm":44818},"minecraft:mined":{"minecraft:grass":1,"minecraft:grass_block":5,"minecraft:oak_log":5,"minecraft:dirt":1,"minecraft:oak_leaves":1},"minecraft:picked_up":{"minecraft:oak_log":5,"minecraft:dirt":6},"minecraft:killed_by":{"minecraft:skeleton":1,"minecraft:stray":1}},"DataVersion":3465}