{"stats":{"minecraft:killed_by":{"minecraft:player":1,"minecraft:zombie":1,"minecraft:skeleton":1},"minecraft:picked_up":{"minecraft:dirt":4},"minecraft:mined":{"minecraft:short_grass":2,"minecraft:grass_block":4,"minecraft:birch_leaves":1},"minecraft:used":{"minecraft:dirt":4},"minecraft:custom":{"minecraft:jump":137,"minecraft:time_since_rest":453,"minecraft:walk_on_water_one_cm":454,"minecraft:damage_dealt":200,"minecraft:deaths":4,"minecraft:sprint_one_cm":11722,"minecraft:play_time":6126,"minecraft:damage_taken":1008,"minecraft:time_since_death":422,"minecraft:walk_one_cm":6512,"minecraft:total_world_time":6126,"minecraft:fall_one_cm":5451,"minecraft:fly_one_cm":17701,"minecraft:leave_game":1}},"DataVersion":3953}