{"stats":{"minecraft:picked_up":{"minecraft:music_disc_5":1,"cobblemon:green_mint_leaf":4,"minecraft:music_disc_strad":2,"minecraft:chicken":1,"minecraft:wooden_pickaxe":1,"minecraft:music_disc_cat":1,"minecraft:raw_copper":117,"minecraft:music_disc_otherside":1,"minecraft:beef":3,"cobblemon:oran_berry":32,"cobblemon:master_ball":66,"minecraft:stick":16,"minecraft:raw_iron":7,"minecraft:music_disc_blocks":2,"minecraft:music_disc_relic":1,"minecraft:torch":10,"minecraft:music_disc_mellohi":1,"minecraft:note_block":1,"minecraft:music_disc_11":4,"minecraft:music_disc_pigstep":1,"minecraft:dirt_path":1,"cfm:jungle_kitchen_sink_light":2,"minecraft:rotten_flesh":4,"minecraft:music_disc_ward":1,"cobblemon:black_augurite":1,"minecraft:music_disc_wait":1,"minecraft:mutton":3,"cobblemon:blue_apricorn":10,"minecraft:white_wool":7,"minecraft:cobblestone":106,"minecraft:pink_petals":18,"minecraft:feather":1,"minecraft:cherry_planks":32,"minecraft:leather":6,"minecraft:golden_leggings":4,"minecraft:music_disc_stal":1,"minecraft:oak_log":10,"minecraft:dirt":67,"cfm:dark_oak_blinds":1,"minecraft:wheat_seeds":10,"minecraft:stone_pickaxe":1,"minecraft:music_disc_far":2,"cobblemon:quick_powder":1,"minecraft:oak_planks":9,"minecraft:music_disc_chirp":2,"cobblemon:sun_stone":1,"minecraft:music_disc_13":1,"minecraft:pumpkin":12,"minecraft:gravel":2,"cobblemon:cheri_berry":4,"minecraft:sand":2,"cobblemon:healing_machine":1,"minecraft:music_disc_mall":3,"cobblemon:dubious_disc":1,"cobblemon:poke_ball":29,"minecraft:cherry_sapling":5,"minecraft:oak_sapling":3,"minecraft:coal":19,"minecraft:sunflower":4},"minecraft:broken":{"minecraft:stone_pickaxe":1},"minecraft:used":{"minecraft:music_disc_far":1,"minecraft:stone_sword":14,"cfm:post_box":1,"minecraft:stone":12,"minecraft:cooked_chicken":1,"minecraft:torch":8,"minecraft:dirt":47,"minecraft:mutton":1,"cfm:oak_kitchen_sink_light":1,"minecraft:music_disc_11":2,"cfm:door_mat":1,"minecraft:grass_block":99,"cfm:mangrove_chair":2,"minecraft:music_disc_chirp":1,"cobblemon:pc":1,"minecraft:furnace":1,"minecraft:oak_sapling":3,"hamsters:hamster":1,"minecraft:cooked_beef":3,"minecraft:cherry_log":5,"minecraft:cooked_mutton":4,"minecraft:dirt_path":3,"minecraft:stone_pickaxe":162,"minecraft:wooden_pickaxe":12,"minecraft:cherry_planks":2,"minecraft:black_glazed_terracotta":75,"cfm:dark_oak_blinds":1,"minecraft:crafting_table":2,"minecraft:white_bed":1,"minecraft:note_block":1,"minecraft:painting":1,"cobblemon:healing_machine":1,"minecraft:redstone_torch":1,"minecraft:lever":4,"minecraft:sunflower":3,"minecraft:music_disc_mall":2,"minecraft:bread":15,"minecraft:music_disc_blocks":1,"minecraft:golden_leggings":1,"minecraft:cobblestone":15,"minecraft:cooked_rabbit":1,"minecraft:white_concrete":55,"cfm:stripped_oak_upgraded_gate":1},"minecraft:dropped":{"minecraft:bread":17,"minecraft:wheat_seeds":1,"cobblemon:blue_apricorn":2,"cobblemon:dubious_disc":1,"minecraft:music_disc_relic":1,"minecraft:feather":1,"minecraft:cobblestone":25,"cobblemon:persim_berry":17,"minecraft:leather":4,"minecraft:music_disc_pigstep":1,"cobblemon:oran_berry":16,"minecraft:music_disc_11":2,"minecraft:music_disc_13":1,"cobblemon:poke_ball":14,"cfm:jungle_kitchen_sink_light":2,"cobblemon:green_mint_leaf":4,"minecraft:music_disc_strad":2,"minecraft:pumpkin":6,"minecraft:music_disc_ward":1,"cobblemon:master_ball":1,"minecraft:music_disc_wait":1,"minecraft:pink_petals":1,"minecraft:music_disc_stal":1,"minecraft:music_disc_cat":1,"minecraft:music_disc_blocks":1,"minecraft:music_disc_chirp":1,"minecraft:music_disc_otherside":1,"minecraft:music_disc_5":1,"cobblemon:cheri_berry":4,"minecraft:music_disc_far":1,"minecraft:music_disc_mall":1,"minecraft:golden_leggings":1,"minecraft:wooden_pickaxe":1,"minecraft:music_disc_mellohi":1},"minecraft:crafted":{"minecraft:oak_planks":20,"minecraft:smooth_stone":2,"minecraft:cooked_chicken":1,"minecraft:furnace":1,"minecraft:stone":2,"minecraft:cooked_mutton":4,"minecraft:glass":1,"minecraft:stone_pickaxe":3,"minecraft:cooked_rabbit":1,"minecraft:cooked_beef":3,"minecraft:crafting_table":3,"minecraft:wooden_pickaxe":1,"cobblemon:pc":1,"minecraft:stone_axe":1,"minecraft:air":0,"minecraft:stick":12,"minecraft:wooden_axe":1,"minecraft:stone_sword":1,"minecraft:white_bed":1,"minecraft:torch":4},"minecraft:killed_by":{"minecraft:stray":1,"minecraft:skeleton":2,"minecraft:zombie":1},"minecraft:mined":{"minecraft:grass_block":8,"minecraft:iron_ore":7,"minecraft:stone":81,"minecraft:cobblestone":2,"minecraft:tall_grass":1,"minecraft:copper_ore":21,"minecraft:grass":9,"minecraft:oak_log":10,"minecraft:coal_ore":19,"minecraft:sunflower":1,"minecraft:gravel":1,"minecraft:sand":2,"minecraft:dirt":12,"cobblemon:sun_stone_ore":1,"cfm:jungle_kitchen_sink_light":1,"minecraft:oak_leaves":2},"minecraft:killed":{"minecraft:spider":1,"minecraft:sheep":1,"minecraft:zombie":5,"minecraft:cow":1},"minecraft:custom":{"minecraft:mob_kills":8,"minecraft:interact_with_crafting_table":11,"minecraft:open_shulker_box":5,"minecraft:leave_game":5,"minecraft:time_since_death":101029,"minecraft:climb_one_cm":1742,"minecraft:sprint_one_cm":284533,"minecraft:walk_one_cm":475292,"minecraft:drop":47,"minecraft:play_time":227014,"minecraft:deaths":6,"minecraft:sneak_time":3941,"minecraft:walk_under_water_one_cm":6195,"minecraft:jump":2719,"minecraft:walk_on_water_one_cm":9145,"minecraft:total_world_time":227014,"minecraft:interact_with_furnace":36,"minecraft:play_record":7,"minecraft:sleep_in_bed":8,"minecraft:time_since_rest":10415,"minecraft:damage_taken":2987,"minecraft:damage_dealt":1260,"minecraft:swim_one_cm":4772,"minecraft:fly_one_cm":719504,"minecraft:open_chest":32,"minecraft:crouch_one_cm":9984,"minecraft:fall_one_cm":89853}},"DataVersion":3465}