{"stats":{"minecraft:killed_by":{"minecraft:skeleton":1,"minecraft:zombie":2},"minecraft:picked_up":{"minecraft:pink_petals":18,"minecraft:cherry_log":1,"minecraft:dirt":36},"minecraft:used":{"minecraft:dirt":18,"minecraft:cherry_log":1},"minecraft:custom":{"minecraft:time_since_rest":1766,"minecraft:crouch_one_cm":10,"minecraft:play_time":10758,"minecraft:sprint_one_cm":5300,"minecraft:walk_one_cm":13656,"minecraft:damage_taken":751,"minecraft:deaths":3,"minecraft:sneak_time":11,"minecraft:drop":2,"minecraft:jump":99,"minecraft:damage_dealt":285,"minecraft:leave_game":1,"minecraft:time_since_death":0,"minecraft:total_world_time":10758,"minecraft:fall_one_cm":3994,"minecraft:fly_one_cm":13582},"minecraft:dropped":{"minecraft:pink_petals":3},"minecraft:mined":{"minecraft:pink_petals":3,"minecraft:short_grass":3,"minecraft:tall_grass":3,"minecraft:cherry_log":1}},"DataVersion":3953}