{"stats":{"minecraft:picked_up":{"minecraft:pink_petals":2,"minecraft:stick":6,"minecraft:oak_log":5,"minecraft:dirt_path":1,"minecraft:dirt":6,"cfm:dark_oak_blinds":1,"minecraft:wheat_seeds":1,"minecraft:cherry_sapling":5,"cobblemon:blue_apricorn":1},"minecraft:used":{"minecraft:redstone_torch":1,"minecraft:lever":4,"cfm:door_mat":1,"cfm:post_box":1,"minecraft:dirt_path":2,"minecraft:grass_block":98,"cfm:mangrove_chair":2,"minecraft:stone":12,"minecraft:black_glazed_terracotta":75,"cfm:dark_oak_blinds":1,"minecraft:dirt":21,"cfm:oak_kitchen_sink_light":1,"hamsters:hamster":1,"minecraft:painting":1,"minecraft:white_concrete":55,"minecraft:cherry_log":5,"cfm:stripped_oak_upgraded_gate":1},"minecraft:dropped":{"minecraft:wheat_seeds":1,"minecraft:pink_petals":1},"minecraft:killed_by":{"minecraft:skeleton":1,"minecraft:stray":1},"minecraft:mined":{"minecraft:grass":1,"minecraft:grass_block":5,"minecraft:oak_log":5,"minecraft:dirt":1,"minecraft:oak_leaves":1},"minecraft:custom":{"minecraft:time_since_rest":67476,"minecraft:sprint_one_cm":83022,"minecraft:damage_taken":1395,"minecraft:walk_one_cm":155385,"minecraft:drop":2,"minecraft:damage_dealt":21,"minecraft:swim_one_cm":3247,"minecraft:fly_one_cm":230118,"minecraft:open_chest":6,"minecraft:crouch_one_cm":2666,"minecraft:play_time":90358,"minecraft:open_shulker_box":1,"minecraft:deaths":4,"minecraft:sneak_time":882,"minecraft:walk_under_water_one_cm":2144,"minecraft:jump":689,"minecraft:leave_game":2,"minecraft:walk_on_water_one_cm":907,"minecraft:time_since_death":67445,"minecraft:total_world_time":90358,"minecraft:fall_one_cm":24134}},"DataVersion":3465}