{"stats":{"minecraft:used":{"cfm:door_mat":1,"minecraft:dirt":21,"cfm:post_box":1,"minecraft:grass_block":98,"cfm:mangrove_chair":2,"hamsters:hamster":1,"minecraft:painting":1,"minecraft:white_concrete":49,"minecraft:stone":12,"cfm:stripped_oak_upgraded_gate":1},"minecraft:dropped":{"minecraft:pink_petals":1},"minecraft:custom":{"minecraft:time_since_rest":39900,"minecraft:walk_one_cm":72866,"minecraft:crouch_one_cm":932,"minecraft:sprint_one_cm":30467,"minecraft:play_time":62782,"minecraft:damage_taken":1395,"minecraft:deaths":4,"minecraft:sneak_time":287,"minecraft:walk_under_water_one_cm":1130,"minecraft:drop":1,"minecraft:jump":436,"minecraft:damage_dealt":6,"minecraft:leave_game":1,"minecraft:time_since_death":39869,"minecraft:walk_on_water_one_cm":680,"minecraft:total_world_time":62782,"minecraft:swim_one_cm":3247,"minecraft:fall_one_cm":24134,"minecraft:fly_one_cm":110953},"minecraft:mined":{"minecraft:grass":1,"minecraft:grass_block":5,"minecraft:oak_log":5,"minecraft:dirt":1,"minecraft:oak_leaves":1},"minecraft:killed_by":{"minecraft:skeleton":1,"minecraft:stray":1},"minecraft:picked_up":{"minecraft:stick":6,"minecraft:pink_petals":2,"minecraft:cherry_sapling":5,"minecraft:oak_log":5,"minecraft:dirt":6}},"DataVersion":3465}