{"stats":{"minecraft:picked_up":{"minecraft:music_disc_5":1,"minecraft:pink_petals":18,"minecraft:music_disc_strad":2,"minecraft:cherry_planks":32,"minecraft:leather":4,"minecraft:golden_leggings":4,"minecraft:wooden_pickaxe":1,"minecraft:music_disc_stal":1,"minecraft:oak_log":10,"minecraft:music_disc_cat":1,"minecraft:dirt":55,"minecraft:raw_copper":76,"cfm:dark_oak_blinds":1,"minecraft:wheat_seeds":5,"minecraft:stone_pickaxe":1,"minecraft:beef":3,"minecraft:music_disc_otherside":1,"minecraft:music_disc_far":2,"cobblemon:oran_berry":32,"cobblemon:master_ball":66,"minecraft:oak_planks":9,"minecraft:music_disc_chirp":2,"minecraft:stick":16,"minecraft:music_disc_blocks":2,"minecraft:pumpkin":12,"minecraft:music_disc_13":1,"minecraft:music_disc_relic":1,"minecraft:music_disc_mellohi":1,"minecraft:gravel":2,"minecraft:note_block":1,"minecraft:music_disc_11":4,"minecraft:music_disc_pigstep":1,"minecraft:dirt_path":1,"cfm:jungle_kitchen_sink_light":2,"minecraft:music_disc_mall":3,"minecraft:rotten_flesh":2,"cobblemon:poke_ball":27,"cobblemon:dubious_disc":1,"minecraft:music_disc_ward":1,"minecraft:cherry_sapling":5,"minecraft:oak_sapling":3,"minecraft:music_disc_wait":1,"minecraft:mutton":1,"cobblemon:blue_apricorn":9,"minecraft:sunflower":4,"minecraft:white_wool":6,"minecraft:cobblestone":57},"minecraft:used":{"minecraft:music_disc_far":1,"minecraft:dirt_path":3,"cfm:post_box":1,"minecraft:stone_pickaxe":58,"minecraft:wooden_pickaxe":12,"minecraft:cherry_planks":2,"minecraft:stone":12,"minecraft:black_glazed_terracotta":75,"cfm:dark_oak_blinds":1,"minecraft:dirt":32,"minecraft:mutton":1,"minecraft:crafting_table":1,"cfm:oak_kitchen_sink_light":1,"minecraft:note_block":1,"minecraft:painting":1,"minecraft:music_disc_11":2,"minecraft:redstone_torch":1,"minecraft:lever":4,"cfm:door_mat":1,"minecraft:sunflower":2,"minecraft:music_disc_mall":2,"minecraft:grass_block":99,"cfm:mangrove_chair":2,"minecraft:music_disc_chirp":1,"minecraft:music_disc_blocks":1,"minecraft:oak_sapling":3,"minecraft:furnace":1,"minecraft:white_concrete":55,"hamsters:hamster":1,"minecraft:cooked_beef":3,"minecraft:cherry_log":5,"cfm:stripped_oak_upgraded_gate":1},"minecraft:dropped":{"minecraft:wheat_seeds":1,"minecraft:music_disc_chirp":1,"cobblemon:blue_apricorn":1,"minecraft:music_disc_otherside":1,"cobblemon:dubious_disc":1,"minecraft:music_disc_5":1,"minecraft:music_disc_relic":1,"minecraft:music_disc_far":1,"minecraft:music_disc_pigstep":1,"minecraft:music_disc_11":2,"minecraft:music_disc_13":1,"cfm:jungle_kitchen_sink_light":2,"minecraft:music_disc_mall":1,"minecraft:music_disc_strad":2,"minecraft:music_disc_ward":1,"minecraft:music_disc_wait":1,"minecraft:music_disc_mellohi":1,"minecraft:pink_petals":1,"minecraft:music_disc_stal":1,"minecraft:music_disc_cat":1,"minecraft:music_disc_blocks":1},"minecraft:crafted":{"minecraft:cooked_beef":3,"minecraft:oak_planks":20,"minecraft:crafting_table":1,"minecraft:wooden_pickaxe":1,"minecraft:furnace":1,"minecraft:air":0,"minecraft:stick":4,"minecraft:stone_pickaxe":1},"minecraft:killed_by":{"minecraft:skeleton":2,"minecraft:stray":1,"minecraft:zombie":1},"minecraft:mined":{"minecraft:grass_block":8,"minecraft:copper_ore":11,"minecraft:grass":5,"minecraft:oak_log":10,"minecraft:gravel":1,"minecraft:sunflower":1,"minecraft:dirt":12,"minecraft:stone":33,"cfm:jungle_kitchen_sink_light":1,"minecraft:oak_leaves":2},"minecraft:killed":{"minecraft:sheep":1,"minecraft:zombie":1,"minecraft:cow":1},"minecraft:custom":{"minecraft:interact_with_furnace":6,"minecraft:mob_kills":3,"minecraft:play_record":7,"minecraft:interact_with_crafting_table":4,"minecraft:open_shulker_box":1,"minecraft:leave_game":3,"minecraft:time_since_death":2792,"minecraft:sleep_in_bed":2,"minecraft:time_since_rest":1665,"minecraft:sprint_one_cm":155725,"minecraft:damage_taken":2300,"minecraft:walk_one_cm":267875,"minecraft:drop":24,"minecraft:damage_dealt":411,"minecraft:swim_one_cm":3247,"minecraft:fly_one_cm":371168,"minecraft:open_chest":12,"minecraft:crouch_one_cm":5896,"minecraft:play_time":128777,"minecraft:deaths":6,"minecraft:sneak_time":2394,"minecraft:walk_under_water_one_cm":6053,"minecraft:jump":1309,"minecraft:walk_on_water_one_cm":1286,"minecraft:total_world_time":128777,"minecraft:fall_one_cm":44360}},"DataVersion":3465}