{"stats":{"minecraft:picked_up":{"minecraft:pink_petals":34,"minecraft:azure_bluet":1,"minecraft:andesite":46,"minecraft:leather":1,"cobblemon:red_apricorn":1,"minecraft:tuff":30,"minecraft:oak_log":6,"minecraft:cornflower":1,"minecraft:dirt":52,"minecraft:raw_copper":103,"cobblemon:pink_apricorn_seed":1,"cobblemon:white_mint_leaf":4,"minecraft:oak_sign":1,"minecraft:wheat_seeds":34,"minecraft:cobbled_deepslate":345,"minecraft:black_glazed_terracotta":1,"minecraft:beef":2,"minecraft:light_gray_wool":1,"minecraft:sugar_cane":3,"minecraft:chest":1,"minecraft:raw_iron":11,"cobblemon:apricorn_log":5,"cobblemon:pc":1,"minecraft:torch":1,"cobblemon:cheri_berry":33,"minecraft:porkchop":5,"cobblemon:white_mint_seeds":3,"cobblemon:persim_berry":52,"minecraft:cherry_log":3,"minecraft:red_banner":3,"cobblemon:pink_apricorn":4,"minecraft:redstone":33,"cobblemon:healing_machine":1,"cobblemon:blue_mint_seeds":1,"minecraft:red_shulker_box":2,"cobblemon:poke_ball":21,"minecraft:granite":4,"minecraft:black_wool":1,"minecraft:mutton":11,"minecraft:coal":34,"minecraft:white_wool":4,"minecraft:cobblestone":341,"minecraft:sunflower":26},"minecraft:used":{"minecraft:wheat_seeds":32,"minecraft:cooked_mutton":2,"minecraft:stone_pickaxe":655,"minecraft:chest":6,"minecraft:wooden_pickaxe":14,"minecraft:black_glazed_terracotta":73,"minecraft:sugar_cane":3,"minecraft:stone_hoe":54,"minecraft:torch":23,"minecraft:dirt":3,"minecraft:crafting_table":2,"minecraft:painting":11,"minecraft:azure_bluet":1,"cobblemon:healing_machine":2,"minecraft:red_shulker_box":7,"minecraft:sea_lantern":4,"minecraft:cornflower":1,"minecraft:red_wool":10,"minecraft:sunflower":26,"minecraft:iron_pickaxe":236,"cobblemon:pc":3,"minecraft:stone_axe":164,"minecraft:furnace":2,"minecraft:cooked_porkchop":3,"minecraft:andesite":1,"minecraft:red_banner":8,"minecraft:cooked_beef":1,"minecraft:cherry_log":1},"minecraft:broken":{"minecraft:stone_pickaxe":5,"minecraft:stone_axe":1},"minecraft:crafted":{"minecraft:cooked_beef":2,"minecraft:oak_planks":24,"minecraft:cooked_porkchop":5,"minecraft:crafting_table":2,"minecraft:wooden_pickaxe":1,"minecraft:lightning_rod":1,"cobblemon:apricorn_planks":20,"minecraft:furnace":2,"minecraft:copper_ingot":77,"minecraft:stone_axe":1,"minecraft:cooked_mutton":2,"minecraft:air":0,"minecraft:stick":28,"minecraft:iron_ingot":11,"minecraft:iron_pickaxe":1,"minecraft:stone_pickaxe":5,"minecraft:chest":2,"minecraft:torch":32,"minecraft:stone_hoe":1},"minecraft:mined":{"minecraft:deepslate_redstone_ore":8,"minecraft:tuff":30,"minecraft:red_shulker_box":1,"minecraft:cherry_log":2,"cobblemon:apricorn_log":5,"minecraft:granite":4,"minecraft:cornflower":1,"cobblemon:apricorn_leaves":9,"minecraft:grass_block":2,"minecraft:copper_ore":29,"minecraft:tall_grass":16,"minecraft:sugar_cane":2,"minecraft:wall_torch":1,"minecraft:pink_petals":18,"minecraft:iron_ore":3,"minecraft:andesite":46,"cobblemon:persim_berry":4,"minecraft:azure_bluet":1,"minecraft:grass":197,"minecraft:coal_ore":35,"minecraft:oak_log":6,"minecraft:deepslate_iron_ore":8,"cobblemon:white_mint":3,"minecraft:sunflower":26,"minecraft:dirt":50,"minecraft:stone":349,"minecraft:deepslate":347,"minecraft:oak_leaves":1},"minecraft:killed":{"minecraft:pig":3,"minecraft:sheep":6,"minecraft:zombie":2,"minecraft:cow":1},"minecraft:custom":{"minecraft:interact_with_furnace":23,"minecraft:mob_kills":13,"minecraft:interact_with_crafting_table":12,"minecraft:open_shulker_box":6,"minecraft:bell_ring":1,"minecraft:leave_game":2,"minecraft:time_since_death":69942,"minecraft:sleep_in_bed":2,"minecraft:time_since_rest":59215,"minecraft:sprint_one_cm":71323,"minecraft:damage_taken":975,"minecraft:walk_one_cm":357722,"minecraft:damage_dealt":1524,"minecraft:swim_one_cm":708,"minecraft:fly_one_cm":293692,"minecraft:open_chest":20,"minecraft:crouch_one_cm":556,"minecraft:play_time":97155,"minecraft:deaths":1,"minecraft:sneak_time":226,"minecraft:walk_under_water_one_cm":1557,"minecraft:jump":1017,"minecraft:interact_with_brewingstand":1,"minecraft:interact_with_blast_furnace":1,"minecraft:walk_on_water_one_cm":3863,"minecraft:total_world_time":97155,"minecraft:fall_one_cm":24151}},"DataVersion":3465}