{"stats":{"minecraft:used":{"cobblemon:pc":2,"minecraft:red_shulker_box":5,"minecraft:sea_lantern":4,"minecraft:red_wool":10,"minecraft:red_banner":8,"minecraft:chest":3,"minecraft:painting":11,"minecraft:black_glazed_terracotta":73,"cobblemon:healing_machine":2},"minecraft:custom":{"minecraft:open_chest":8,"minecraft:time_since_rest":26681,"minecraft:crouch_one_cm":461,"minecraft:play_time":26681,"minecraft:sprint_one_cm":7343,"minecraft:open_shulker_box":2,"minecraft:walk_one_cm":113515,"minecraft:bell_ring":1,"minecraft:sneak_time":189,"minecraft:walk_under_water_one_cm":1499,"minecraft:jump":162,"minecraft:interact_with_brewingstand":1,"minecraft:interact_with_blast_furnace":1,"minecraft:damage_dealt":10,"minecraft:walk_on_water_one_cm":32,"minecraft:time_since_death":26681,"minecraft:total_world_time":26681,"minecraft:fall_one_cm":1846,"minecraft:fly_one_cm":152908},"minecraft:mined":{"minecraft:pink_petals":16,"minecraft:grass":4,"minecraft:cherry_log":1},"minecraft:picked_up":{"minecraft:pink_petals":30,"minecraft:cherry_log":1,"minecraft:red_banner":1}},"DataVersion":3465}