{"stats":{"minecraft:picked_up":{"minecraft:pink_petals":34,"minecraft:azure_bluet":1,"cobblemon:pc":1,"minecraft:leather":1,"cobblemon:cheri_berry":11,"minecraft:porkchop":5,"cobblemon:white_mint_seeds":3,"minecraft:oak_log":6,"minecraft:red_banner":3,"cobblemon:persim_berry":32,"minecraft:cherry_log":3,"minecraft:cornflower":1,"cobblemon:white_mint_leaf":4,"cobblemon:healing_machine":1,"cobblemon:blue_mint_seeds":1,"minecraft:red_shulker_box":2,"minecraft:oak_sign":1,"cobblemon:poke_ball":21,"minecraft:wheat_seeds":17,"minecraft:black_glazed_terracotta":1,"minecraft:beef":2,"minecraft:mutton":7,"minecraft:chest":1,"minecraft:white_wool":4,"minecraft:cobblestone":14,"minecraft:sunflower":4},"minecraft:used":{"minecraft:red_shulker_box":7,"minecraft:sea_lantern":4,"minecraft:red_wool":10,"minecraft:chest":4,"minecraft:wooden_pickaxe":14,"minecraft:black_glazed_terracotta":73,"minecraft:stone_axe":121,"cobblemon:pc":3,"minecraft:red_banner":8,"minecraft:painting":11,"minecraft:cherry_log":1,"cobblemon:healing_machine":2},"minecraft:crafted":{"minecraft:oak_planks":24,"minecraft:stick":8,"minecraft:wooden_pickaxe":1,"minecraft:stone_pickaxe":1,"minecraft:stone_axe":1},"minecraft:mined":{"minecraft:pink_petals":18,"minecraft:red_shulker_box":1,"minecraft:cherry_log":2,"cobblemon:persim_berry":4,"minecraft:azure_bluet":1,"minecraft:cornflower":1,"minecraft:grass":98,"minecraft:oak_log":6,"cobblemon:white_mint":3,"minecraft:sunflower":4,"minecraft:tall_grass":10,"minecraft:stone":14,"minecraft:oak_leaves":1},"minecraft:killed":{"minecraft:sheep":4,"minecraft:pig":3,"minecraft:cow":1},"minecraft:custom":{"minecraft:time_since_rest":7671,"minecraft:sprint_one_cm":24911,"minecraft:damage_taken":660,"minecraft:walk_one_cm":238062,"minecraft:mob_kills":9,"minecraft:damage_dealt":845,"minecraft:interact_with_crafting_table":2,"minecraft:fly_one_cm":215227,"minecraft:open_chest":11,"minecraft:crouch_one_cm":461,"minecraft:play_time":45611,"minecraft:open_shulker_box":4,"minecraft:deaths":1,"minecraft:sneak_time":195,"minecraft:bell_ring":1,"minecraft:walk_under_water_one_cm":1499,"minecraft:jump":503,"minecraft:interact_with_brewingstand":1,"minecraft:interact_with_blast_furnace":1,"minecraft:leave_game":2,"minecraft:walk_on_water_one_cm":32,"minecraft:time_since_death":18398,"minecraft:sleep_in_bed":2,"minecraft:total_world_time":45611,"minecraft:fall_one_cm":17554}},"DataVersion":3465}