{"stats":{"minecraft:picked_up":{"minecraft:pink_petals":34,"minecraft:azure_bluet":1,"cobblemon:pc":1,"minecraft:leather":1,"cobblemon:cheri_berry":11,"minecraft:porkchop":5,"minecraft:oak_log":6,"cobblemon:white_mint_seeds":3,"minecraft:cherry_log":3,"cobblemon:persim_berry":32,"minecraft:red_banner":3,"minecraft:cornflower":1,"cobblemon:white_mint_leaf":4,"cobblemon:healing_machine":1,"cobblemon:blue_mint_seeds":1,"minecraft:red_shulker_box":2,"minecraft:oak_sign":1,"cobblemon:poke_ball":21,"minecraft:wheat_seeds":23,"minecraft:black_glazed_terracotta":1,"minecraft:beef":2,"minecraft:light_gray_wool":1,"minecraft:black_wool":1,"minecraft:chest":1,"minecraft:mutton":11,"minecraft:white_wool":4,"minecraft:cobblestone":14,"minecraft:sunflower":22},"minecraft:used":{"minecraft:wheat_seeds":21,"minecraft:red_shulker_box":7,"minecraft:sea_lantern":4,"minecraft:red_wool":10,"minecraft:chest":4,"minecraft:wooden_pickaxe":14,"minecraft:black_glazed_terracotta":73,"minecraft:stone_hoe":32,"cobblemon:pc":3,"minecraft:stone_axe":130,"minecraft:cooked_porkchop":2,"minecraft:red_banner":8,"minecraft:painting":11,"cobblemon:healing_machine":2,"minecraft:cherry_log":1},"minecraft:crafted":{"minecraft:oak_planks":24,"minecraft:cooked_porkchop":4,"minecraft:stick":8,"minecraft:wooden_pickaxe":1,"minecraft:stone_pickaxe":1,"minecraft:stone_hoe":1,"minecraft:stone_axe":1},"minecraft:mined":{"minecraft:pink_petals":18,"minecraft:red_shulker_box":1,"minecraft:cherry_log":2,"cobblemon:persim_berry":4,"minecraft:azure_bluet":1,"minecraft:cornflower":1,"minecraft:grass":141,"minecraft:oak_log":6,"cobblemon:white_mint":3,"minecraft:sunflower":23,"minecraft:tall_grass":13,"minecraft:stone":14,"minecraft:oak_leaves":1},"minecraft:killed":{"minecraft:sheep":6,"minecraft:pig":3,"minecraft:cow":1},"minecraft:custom":{"minecraft:time_since_rest":11215,"minecraft:interact_with_furnace":4,"minecraft:damage_taken":660,"minecraft:sprint_one_cm":29094,"minecraft:walk_one_cm":259075,"minecraft:mob_kills":11,"minecraft:damage_dealt":1004,"minecraft:interact_with_crafting_table":3,"minecraft:fly_one_cm":226291,"minecraft:open_chest":11,"minecraft:crouch_one_cm":461,"minecraft:open_shulker_box":4,"minecraft:play_time":49155,"minecraft:bell_ring":1,"minecraft:deaths":1,"minecraft:sneak_time":195,"minecraft:walk_under_water_one_cm":1499,"minecraft:jump":547,"minecraft:interact_with_brewingstand":1,"minecraft:interact_with_blast_furnace":1,"minecraft:leave_game":2,"minecraft:time_since_death":21942,"minecraft:walk_on_water_one_cm":59,"minecraft:sleep_in_bed":2,"minecraft:total_world_time":49155,"minecraft:fall_one_cm":18390}},"DataVersion":3465}