{"stats":{"minecraft:picked_up":{"minecraft:pink_petals":399,"minecraft:crafting_table":1,"minecraft:andesite":6,"minecraft:gravel":4,"minecraft:cherry_log":5,"minecraft:diorite":6,"minecraft:dirt":5,"minecraft:raw_copper":32,"minecraft:wheat_seeds":2,"minecraft:granite":3,"minecraft:cherry_sapling":2,"minecraft:coal":25,"minecraft:cobblestone":86},"minecraft:broken":{"minecraft:stone_pickaxe":1},"minecraft:used":{"minecraft:stone_pickaxe":131,"minecraft:wooden_pickaxe":19,"minecraft:crafting_table":3},"minecraft:crafted":{"minecraft:cherry_planks":20,"minecraft:crafting_table":2,"minecraft:stick":8,"minecraft:wooden_pickaxe":1,"minecraft:stone_pickaxe":1},"minecraft:custom":{"minecraft:time_since_rest":10943,"minecraft:sprint_one_cm":909,"minecraft:damage_taken":75,"minecraft:walk_one_cm":26329,"minecraft:damage_dealt":10,"minecraft:interact_with_crafting_table":3,"minecraft:fly_one_cm":2754,"minecraft:play_time":10943,"minecraft:jump":40,"minecraft:leave_game":1,"minecraft:time_since_death":10943,"minecraft:total_world_time":10943,"minecraft:fall_one_cm":1312},"minecraft:mined":{"minecraft:pink_petals":151,"minecraft:cherry_log":5,"minecraft:andesite":6,"minecraft:crafting_table":1,"minecraft:granite":3,"minecraft:short_grass":25,"minecraft:grass_block":2,"minecraft:coal_ore":25,"minecraft:cherry_leaves":56,"minecraft:gravel":4,"minecraft:dirt":3,"minecraft:copper_ore":8,"minecraft:tall_grass":5,"minecraft:stone":92,"minecraft:diorite":6}},"DataVersion":3953}