{"stats":{"minecraft:picked_up":{"minecraft:magma_block":7,"minecraft:pink_petals":34,"minecraft:azure_bluet":1,"minecraft:andesite":46,"minecraft:leather":3,"cobblemon:red_apricorn":2,"minecraft:wooden_pickaxe":3,"cobblemon:roseate_ball":11,"minecraft:tuff":90,"minecraft:oak_log":6,"minecraft:cornflower":1,"minecraft:dirt":101,"minecraft:raw_copper":103,"cobblemon:pink_apricorn_seed":3,"minecraft:iron_axe":3,"cobblemon:white_mint_leaf":12,"minecraft:bone":4,"minecraft:oak_sign":1,"minecraft:wheat_seeds":36,"minecraft:cobbled_deepslate":1010,"minecraft:black_glazed_terracotta":1,"minecraft:iron_ingot":6,"minecraft:beef":2,"minecraft:light_gray_wool":1,"minecraft:sugar_cane":3,"minecraft:chest":1,"minecraft:stone_hoe":2,"minecraft:oak_planks":2,"minecraft:stick":6,"minecraft:raw_iron":11,"cobblemon:apricorn_log":5,"cobblemon:pc":1,"minecraft:copper_ingot":146,"minecraft:torch":25,"cobblemon:cheri_berry":99,"minecraft:porkchop":5,"minecraft:cherry_log":3,"cobblemon:white_mint_seeds":12,"cobblemon:persim_berry":104,"minecraft:red_banner":3,"cobblemon:pink_apricorn":4,"minecraft:redstone":132,"cobblemon:healing_machine":1,"cobblemon:blue_mint_seeds":4,"minecraft:red_shulker_box":2,"minecraft:rotten_flesh":2,"cobblemon:poke_ball":319,"minecraft:granite":4,"minecraft:black_wool":1,"minecraft:mutton":11,"minecraft:coal":34,"minecraft:white_wool":4,"minecraft:cobblestone":631,"minecraft:sunflower":26},"minecraft:used":{"minecraft:wheat_seeds":32,"minecraft:cooked_mutton":2,"minecraft:stone_pickaxe":655,"minecraft:chest":6,"minecraft:wooden_pickaxe":21,"minecraft:black_glazed_terracotta":73,"ironchest:wood_to_copper_chest_upgrade":1,"minecraft:sugar_cane":3,"minecraft:stone_hoe":54,"minecraft:torch":25,"minecraft:dirt":3,"minecraft:crafting_table":2,"minecraft:painting":11,"cobblemon:healing_machine":2,"minecraft:azure_bluet":1,"minecraft:lightning_rod":1,"minecraft:red_shulker_box":7,"minecraft:sea_lantern":4,"minecraft:cornflower":1,"minecraft:red_wool":10,"minecraft:sunflower":26,"minecraft:iron_pickaxe":342,"cobblemon:pink_apricorn_seed":1,"minecraft:golden_helmet":1,"minecraft:stone_axe":164,"cobblemon:pc":3,"minecraft:furnace":2,"minecraft:cooked_porkchop":3,"minecraft:andesite":8,"minecraft:red_banner":8,"minecraft:cooked_beef":2,"minecraft:cherry_log":1,"minecraft:cobbled_deepslate":1},"minecraft:broken":{"minecraft:stone_pickaxe":5,"minecraft:stone_axe":1,"minecraft:iron_pickaxe":1},"minecraft:crafted":{"minecraft:cooked_beef":2,"ironchest:wood_to_copper_chest_upgrade":1,"minecraft:oak_planks":24,"minecraft:cooked_porkchop":5,"minecraft:crafting_table":2,"minecraft:wooden_pickaxe":1,"minecraft:lightning_rod":1,"cobblemon:apricorn_planks":20,"minecraft:furnace":2,"minecraft:copper_ingot":77,"cobblemon:roseate_ball":4,"minecraft:stone_axe":1,"minecraft:cooked_mutton":2,"minecraft:air":0,"minecraft:iron_axe":1,"minecraft:stick":32,"minecraft:iron_ingot":11,"minecraft:iron_pickaxe":2,"minecraft:stone_pickaxe":5,"minecraft:chest":2,"minecraft:torch":32,"minecraft:stone_hoe":1},"minecraft:killed_by":{"minecraft:skeleton":1,"minecraft:zombie":1},"minecraft:mined":{"minecraft:deepslate_redstone_ore":8,"minecraft:tuff":30,"minecraft:red_shulker_box":1,"minecraft:cherry_log":2,"cobblemon:apricorn_log":5,"minecraft:cornflower":1,"cobblemon:apricorn_leaves":9,"minecraft:granite":4,"minecraft:grass_block":2,"minecraft:copper_ore":29,"minecraft:tall_grass":16,"minecraft:sugar_cane":2,"minecraft:wall_torch":1,"minecraft:pink_petals":18,"minecraft:magma_block":7,"minecraft:iron_ore":3,"minecraft:andesite":46,"cobblemon:persim_berry":4,"minecraft:azure_bluet":1,"minecraft:grass":197,"minecraft:oak_log":6,"minecraft:coal_ore":35,"cobblemon:white_mint":3,"minecraft:deepslate_iron_ore":8,"minecraft:sunflower":26,"minecraft:dirt":50,"minecraft:stone":349,"minecraft:oak_leaves":1,"minecraft:deepslate":453},"minecraft:killed":{"minecraft:pig":3,"minecraft:sheep":6,"minecraft:zombie":2,"minecraft:cow":1},"minecraft:custom":{"minecraft:interact_with_furnace":29,"minecraft:mob_kills":13,"minecraft:interact_with_crafting_table":16,"minecraft:open_shulker_box":9,"minecraft:bell_ring":1,"minecraft:leave_game":4,"minecraft:time_since_death":4972,"minecraft:sleep_in_bed":3,"minecraft:time_since_rest":4975,"minecraft:sprint_one_cm":112012,"minecraft:damage_taken":1810,"minecraft:walk_one_cm":383587,"minecraft:damage_dealt":1524,"minecraft:swim_one_cm":15464,"minecraft:fly_one_cm":360483,"minecraft:open_chest":28,"minecraft:crouch_one_cm":556,"minecraft:play_time":115825,"minecraft:sneak_time":226,"minecraft:deaths":4,"minecraft:walk_under_water_one_cm":1633,"minecraft:jump":1422,"minecraft:interact_with_brewingstand":1,"minecraft:interact_with_blast_furnace":1,"minecraft:walk_on_water_one_cm":17348,"minecraft:total_world_time":115825,"minecraft:fall_one_cm":31355}},"DataVersion":3465}