{"stats":{"minecraft:picked_up":{"minecraft:pink_petals":34,"cobblemon:pc":1,"cobblemon:cheri_berry":11,"minecraft:oak_log":5,"minecraft:red_banner":3,"cobblemon:persim_berry":32,"minecraft:cherry_log":3,"cobblemon:healing_machine":1,"minecraft:red_shulker_box":2,"minecraft:oak_sign":1,"cobblemon:poke_ball":21,"minecraft:wheat_seeds":1,"minecraft:black_glazed_terracotta":1,"minecraft:chest":1},"minecraft:used":{"minecraft:red_shulker_box":7,"minecraft:sea_lantern":4,"minecraft:red_wool":10,"minecraft:chest":4,"minecraft:black_glazed_terracotta":73,"cobblemon:pc":3,"minecraft:red_banner":8,"minecraft:painting":11,"minecraft:cherry_log":1,"cobblemon:healing_machine":2},"minecraft:mined":{"minecraft:pink_petals":18,"minecraft:red_shulker_box":1,"minecraft:cherry_log":2,"cobblemon:persim_berry":4,"minecraft:grass":6,"minecraft:oak_log":5},"minecraft:custom":{"minecraft:time_since_rest":1833,"minecraft:sprint_one_cm":24911,"minecraft:damage_taken":660,"minecraft:walk_one_cm":181550,"minecraft:damage_dealt":10,"minecraft:fly_one_cm":214472,"minecraft:open_chest":11,"minecraft:crouch_one_cm":461,"minecraft:play_time":39773,"minecraft:open_shulker_box":4,"minecraft:deaths":1,"minecraft:sneak_time":195,"minecraft:bell_ring":1,"minecraft:walk_under_water_one_cm":1499,"minecraft:jump":404,"minecraft:interact_with_brewingstand":1,"minecraft:interact_with_blast_furnace":1,"minecraft:leave_game":1,"minecraft:walk_on_water_one_cm":32,"minecraft:time_since_death":12560,"minecraft:sleep_in_bed":2,"minecraft:total_world_time":39773,"minecraft:fall_one_cm":15555}},"DataVersion":3465}