{"stats":{"minecraft:used":{"minecraft:sea_lantern":4,"minecraft:black_glazed_terracotta":1},"minecraft:custom":{"minecraft:jump":70,"minecraft:time_since_rest":4909,"minecraft:sprint_one_cm":2130,"minecraft:play_time":4909,"minecraft:time_since_death":4909,"minecraft:walk_one_cm":26480,"minecraft:total_world_time":4909,"minecraft:fall_one_cm":1846,"minecraft:fly_one_cm":10694},"minecraft:mined":{"minecraft:pink_petals":16,"minecraft:grass":4,"minecraft:cherry_log":1},"minecraft:picked_up":{"minecraft:pink_petals":30,"minecraft:cherry_log":1}},"DataVersion":3465}