{"stats":{"minecraft:used":{"minecraft:apple":1,"minecraft:flint_and_steel":11,"minecraft:bread":4,"minecraft:light_gray_carpet":3,"minecraft:red_carpet":2,"minecraft:white_carpet":5,"minecraft:white_concrete":75,"minecraft:snowball":2,"minecraft:splash_potion":1},"minecraft:dropped":{"minecraft:golden_leggings":1},"minecraft:custom":{"minecraft:time_since_rest":29062,"minecraft:interact_with_smithing_table":1,"minecraft:interact_with_furnace":2,"minecraft:sprint_one_cm":32753,"minecraft:damage_taken":128,"minecraft:walk_one_cm":155572,"minecraft:drop":1,"minecraft:damage_dealt":68,"minecraft:swim_one_cm":8018,"minecraft:talked_to_villager":5,"minecraft:fly_one_cm":242104,"minecraft:open_barrel":3,"minecraft:open_chest":6,"minecraft:crouch_one_cm":173,"minecraft:play_time":39080,"minecraft:sneak_time":498,"minecraft:walk_under_water_one_cm":3492,"minecraft:jump":523,"minecraft:interact_with_brewingstand":1,"minecraft:time_since_death":39080,"minecraft:walk_on_water_one_cm":337,"minecraft:sleep_in_bed":1,"minecraft:climb_one_cm":14507,"minecraft:total_world_time":39080,"minecraft:fall_one_cm":10289},"minecraft:mined":{"minecraft:red_carpet":2,"minecraft:light_gray_carpet":3,"minecraft:birch_log":2,"minecraft:white_carpet":5,"minecraft:grass":1,"cobblemon:oran_berry":1,"minecraft:blue_bed":3},"minecraft:picked_up":{"minecraft:birch_log":2,"minecraft:pink_petals":4,"cobblemon:red_apricorn":3,"cobblemon:cheri_berry":7,"cobblemon:pink_apricorn":5,"minecraft:blue_bed":3,"minecraft:red_bed":1,"cobblemon:white_apricorn":4,"minecraft:white_carpet":12,"minecraft:red_carpet":2,"minecraft:arrow":3,"cobblemon:oran_berry":12,"minecraft:cherry_sapling":1,"minecraft:light_gray_carpet":3,"minecraft:snowball":27}},"DataVersion":3465}