{"stats":{"minecraft:picked_up":{"cobblemon:green_mint_leaf":8,"minecraft:music_disc_strad":2,"minecraft:chicken":3,"minecraft:ladder":3,"cobblemon:red_apricorn":48,"cobblemon:charti_berry":1,"minecraft:string":1,"cobblemon:wepear_berry":4,"minecraft:red_bed":2,"minecraft:raw_copper":38,"minecraft:iron_axe":2,"minecraft:white_carpet":12,"cobblemon:white_apricorn":11,"minecraft:spruce_planks":1,"minecraft:beef":10,"cobblemon:oran_berry":12,"cobblemon:relic_coin":28,"minecraft:redstone_torch":1,"minecraft:iron_pickaxe":2,"cobblemon:big_root":5,"minecraft:chest":2,"minecraft:spruce_trapdoor":2,"minecraft:egg":2,"minecraft:stick":6,"minecraft:raw_iron":17,"cobblemon:apricorn_log":5,"minecraft:note_block":2,"minecraft:porkchop":2,"minecraft:music_disc_11":1,"minecraft:diorite":1,"minecraft:arrow":5,"minecraft:rotten_flesh":21,"cobblemon:green_mint_seeds":6,"minecraft:mutton":6,"minecraft:snowball":27,"minecraft:white_wool":5,"minecraft:cobblestone":80,"minecraft:birch_log":2,"minecraft:pink_petals":128,"minecraft:feather":4,"minecraft:leather":11,"minecraft:golden_leggings":2,"minecraft:flint":3,"minecraft:oak_log":33,"minecraft:dirt":36,"minecraft:blue_bed":3,"minecraft:cooked_mutton":2,"minecraft:red_carpet":2,"minecraft:bone":3,"minecraft:wheat_seeds":18,"minecraft:rabbit":2,"minecraft:iron_sword":2,"minecraft:oak_planks":5,"cobblemon:red_apricorn_seed":4,"cobblemon:cheri_berry":39,"cobblemon:persim_berry":34,"cobblemon:pink_apricorn":7,"minecraft:iron_hoe":2,"minecraft:sculk_sensor":1,"cobblemon:poke_ball":16,"cobblemon:dubious_disc":1,"minecraft:granite":5,"minecraft:cherry_sapling":1,"minecraft:bread":4,"cobblemon:chesto_berry":30,"minecraft:light_gray_carpet":3,"minecraft:coal":30,"minecraft:sunflower":4},"minecraft:broken":{"minecraft:stone_pickaxe":1},"minecraft:used":{"minecraft:netherite_sword":14,"minecraft:flint_and_steel":16,"minecraft:redstone":2,"minecraft:ladder":3,"minecraft:light_gray_carpet":3,"minecraft:axolotl_spawn_egg":9,"minecraft:chest":5,"minecraft:iron_sword":8,"minecraft:rotten_flesh":2,"minecraft:quartz_stairs":13,"minecraft:sculk_sensor":1,"minecraft:torch":16,"minecraft:pink_candle":20,"minecraft:dirt":3,"minecraft:mutton":4,"minecraft:white_carpet":5,"minecraft:granite":5,"minecraft:snowball":2,"minecraft:big_dripleaf":1,"minecraft:iron_hoe":34,"minecraft:wooden_axe":44,"minecraft:netherite_shovel":33,"minecraft:grass_block":153,"minecraft:lantern":15,"minecraft:iron_axe":9,"minecraft:cherry_leaves":90,"minecraft:red_carpet":2,"minecraft:redstone_lamp":11,"minecraft:furnace":2,"minecraft:egg":2,"minecraft:cooked_beef":2,"minecraft:cherry_log":19,"minecraft:turtle_egg":1,"minecraft:cooked_mutton":2,"minecraft:water_bucket":76,"minecraft:dirt_path":1,"minecraft:stone_pickaxe":131,"minecraft:oak_planks":103,"minecraft:wooden_pickaxe":11,"minecraft:red_mushroom_block":277,"minecraft:blue_bed":3,"minecraft:oak_slab":106,"minecraft:red_bed":2,"minecraft:music_disc_strad":3,"minecraft:redstone_torch":10,"minecraft:apple":2,"minecraft:sunflower":2,"minecraft:chicken":2,"minecraft:bread":10,"minecraft:string":25,"minecraft:spruce_trapdoor":1,"minecraft:golden_leggings":1,"minecraft:stone_axe":26,"cobblemon:red_apricorn_seed":3,"minecraft:cobblestone":34,"minecraft:porkchop":2,"minecraft:chain":20,"minecraft:white_concrete":326,"minecraft:splash_potion":1,"minecraft:jukebox":4},"minecraft:dropped":{"minecraft:music_disc_11":1,"minecraft:iron_pickaxe":1,"minecraft:note_block":2,"minecraft:sculk_sensor":1,"minecraft:rotten_flesh":2,"minecraft:golden_leggings":1,"minecraft:arrow":2},"minecraft:crafted":{"minecraft:oak_planks":132,"cobblemon:apricorn_planks":20,"minecraft:furnace":2,"minecraft:iron_axe":1,"minecraft:iron_hoe":1,"minecraft:stone_pickaxe":1,"minecraft:chest":3,"minecraft:cooked_beef":4,"minecraft:wooden_pickaxe":1,"minecraft:iron_sword":1,"minecraft:copper_ingot":64,"minecraft:birch_planks":8,"minecraft:stone_axe":1,"minecraft:air":0,"cobblemon:poke_ball":28,"minecraft:stick":24,"minecraft:iron_ingot":17,"minecraft:iron_pickaxe":2,"minecraft:wooden_axe":1,"minecraft:torch":16},"minecraft:killed_by":{"minecraft:creeper":1,"minecraft:zombie":1},"minecraft:mined":{"minecraft:red_carpet":2,"minecraft:spruce_planks":1,"cobblemon:big_root":5,"cobblemon:apricorn_log":5,"minecraft:spruce_trapdoor":2,"minecraft:ladder":3,"minecraft:granite":5,"minecraft:grass_block":4,"minecraft:iron_ore":17,"minecraft:stone":79,"minecraft:light_gray_carpet":3,"minecraft:red_bed":1,"cobblemon:apricorn_leaves":4,"minecraft:chest":3,"minecraft:copper_ore":11,"minecraft:tall_grass":12,"minecraft:oak_planks":5,"cobblemon:oran_berry":1,"minecraft:diorite":1,"minecraft:blue_bed":3,"cobblemon:relic_coin_pouch":4,"minecraft:pink_petals":1,"cobblemon:green_mint":3,"minecraft:birch_log":2,"minecraft:white_carpet":5,"minecraft:grass":54,"minecraft:oak_log":34,"minecraft:coal_ore":29,"minecraft:sunflower":4,"minecraft:dirt":6,"minecraft:oak_leaves":4},"minecraft:killed":{"minecraft:spider":1,"minecraft:axolotl":4,"minecraft:sheep":2,"minecraft:zombie":4,"minecraft:cow":1},"minecraft:custom":{"minecraft:interact_with_smithing_table":1,"minecraft:mob_kills":12,"minecraft:interact_with_crafting_table":26,"minecraft:open_barrel":3,"minecraft:open_shulker_box":1,"minecraft:leave_game":2,"minecraft:time_since_death":23283,"minecraft:climb_one_cm":17715,"minecraft:sprint_one_cm":268718,"minecraft:walk_one_cm":911347,"minecraft:drop":9,"minecraft:talked_to_villager":6,"minecraft:play_time":238777,"minecraft:deaths":2,"minecraft:sneak_time":11909,"minecraft:walk_under_water_one_cm":32310,"minecraft:jump":3187,"minecraft:interact_with_brewingstand":1,"minecraft:walk_on_water_one_cm":5064,"minecraft:total_world_time":238777,"minecraft:interact_with_furnace":36,"minecraft:play_record":3,"minecraft:sleep_in_bed":11,"minecraft:time_since_rest":22415,"minecraft:damage_taken":990,"minecraft:damage_dealt":2153,"minecraft:swim_one_cm":8440,"minecraft:fly_one_cm":836912,"minecraft:open_chest":67,"minecraft:crouch_one_cm":34783,"minecraft:interact_with_smoker":1,"minecraft:fall_one_cm":58695}},"DataVersion":3465}