{"stats":{"minecraft:picked_up":{"minecraft:birch_log":2,"minecraft:pink_petals":103,"minecraft:music_disc_strad":2,"cobblemon:red_apricorn":11,"minecraft:flint":3,"minecraft:blue_bed":3,"minecraft:red_bed":1,"cobblemon:white_apricorn":4,"minecraft:white_carpet":12,"minecraft:red_carpet":2,"minecraft:wheat_seeds":1,"cobblemon:oran_berry":12,"minecraft:redstone_torch":1,"cobblemon:red_apricorn_seed":1,"minecraft:note_block":2,"cobblemon:cheri_berry":7,"cobblemon:persim_berry":17,"minecraft:music_disc_11":1,"cobblemon:pink_apricorn":5,"minecraft:arrow":3,"minecraft:sculk_sensor":1,"cobblemon:dubious_disc":1,"minecraft:cherry_sapling":1,"cobblemon:chesto_berry":8,"minecraft:light_gray_carpet":3,"minecraft:snowball":27},"minecraft:used":{"minecraft:water_bucket":76,"minecraft:netherite_sword":14,"minecraft:dirt_path":1,"minecraft:flint_and_steel":16,"minecraft:redstone":2,"minecraft:light_gray_carpet":3,"minecraft:axolotl_spawn_egg":9,"minecraft:red_mushroom_block":277,"minecraft:quartz_stairs":13,"minecraft:sculk_sensor":1,"minecraft:pink_candle":20,"minecraft:white_carpet":5,"minecraft:oak_slab":106,"minecraft:snowball":2,"minecraft:music_disc_strad":3,"minecraft:big_dripleaf":1,"minecraft:redstone_torch":10,"minecraft:apple":1,"minecraft:netherite_shovel":33,"minecraft:lantern":15,"minecraft:grass_block":153,"minecraft:bread":4,"minecraft:string":25,"minecraft:cherry_leaves":90,"minecraft:red_carpet":2,"minecraft:redstone_lamp":11,"minecraft:chain":20,"minecraft:white_concrete":326,"minecraft:cherry_log":19,"minecraft:turtle_egg":1,"minecraft:jukebox":4,"minecraft:splash_potion":1},"minecraft:dropped":{"minecraft:note_block":2,"minecraft:sculk_sensor":1,"minecraft:music_disc_11":1,"minecraft:golden_leggings":1},"minecraft:mined":{"minecraft:light_gray_carpet":3,"minecraft:red_carpet":2,"cobblemon:oran_berry":1,"minecraft:blue_bed":3,"minecraft:birch_log":2,"minecraft:white_carpet":5,"minecraft:grass":1},"minecraft:killed":{"minecraft:axolotl":4},"minecraft:custom":{"minecraft:interact_with_smithing_table":1,"minecraft:interact_with_furnace":2,"minecraft:mob_kills":4,"minecraft:play_record":3,"minecraft:open_barrel":3,"minecraft:leave_game":1,"minecraft:time_since_death":101215,"minecraft:sleep_in_bed":1,"minecraft:climb_one_cm":14507,"minecraft:time_since_rest":91197,"minecraft:sprint_one_cm":57107,"minecraft:damage_taken":128,"minecraft:walk_one_cm":293396,"minecraft:drop":4,"minecraft:damage_dealt":1048,"minecraft:swim_one_cm":8440,"minecraft:talked_to_villager":5,"minecraft:fly_one_cm":329447,"minecraft:open_chest":17,"minecraft:crouch_one_cm":18191,"minecraft:play_time":101215,"minecraft:sneak_time":6170,"minecraft:walk_under_water_one_cm":31358,"minecraft:jump":719,"minecraft:interact_with_brewingstand":1,"minecraft:walk_on_water_one_cm":1133,"minecraft:total_world_time":101215,"minecraft:fall_one_cm":12228}},"DataVersion":3465}