{"stats":{"minecraft:picked_up":{"minecraft:birch_log":2,"minecraft:pink_petals":103,"minecraft:music_disc_strad":2,"minecraft:ladder":3,"cobblemon:red_apricorn":11,"minecraft:flint":3,"minecraft:oak_log":33,"minecraft:raw_copper":38,"cobblemon:wepear_berry":4,"minecraft:red_bed":1,"minecraft:blue_bed":3,"minecraft:dirt":10,"cobblemon:white_apricorn":9,"minecraft:white_carpet":12,"minecraft:red_carpet":2,"minecraft:wheat_seeds":5,"minecraft:spruce_planks":1,"minecraft:beef":2,"cobblemon:oran_berry":12,"cobblemon:relic_coin":28,"minecraft:redstone_torch":1,"cobblemon:big_root":5,"minecraft:chest":2,"minecraft:oak_planks":5,"minecraft:spruce_trapdoor":2,"minecraft:egg":2,"cobblemon:red_apricorn_seed":1,"minecraft:raw_iron":17,"cobblemon:apricorn_log":5,"minecraft:note_block":2,"cobblemon:cheri_berry":39,"cobblemon:persim_berry":34,"minecraft:music_disc_11":1,"cobblemon:pink_apricorn":7,"minecraft:diorite":1,"minecraft:sculk_sensor":1,"minecraft:arrow":3,"minecraft:rotten_flesh":7,"cobblemon:dubious_disc":1,"minecraft:granite":5,"minecraft:cherry_sapling":1,"minecraft:bread":4,"minecraft:coal":29,"cobblemon:chesto_berry":8,"minecraft:light_gray_carpet":3,"minecraft:mutton":4,"minecraft:snowball":27,"minecraft:white_wool":2,"minecraft:cobblestone":80,"minecraft:sunflower":3},"minecraft:used":{"minecraft:water_bucket":76,"minecraft:netherite_sword":14,"minecraft:dirt_path":1,"minecraft:flint_and_steel":16,"minecraft:stone_pickaxe":131,"minecraft:redstone":2,"minecraft:oak_planks":103,"minecraft:ladder":3,"minecraft:light_gray_carpet":3,"minecraft:axolotl_spawn_egg":9,"minecraft:chest":5,"minecraft:wooden_pickaxe":11,"minecraft:red_mushroom_block":277,"minecraft:quartz_stairs":13,"minecraft:blue_bed":3,"minecraft:sculk_sensor":1,"minecraft:torch":16,"minecraft:pink_candle":20,"minecraft:dirt":3,"minecraft:mutton":4,"minecraft:white_carpet":5,"minecraft:oak_slab":106,"minecraft:red_bed":1,"minecraft:granite":5,"minecraft:snowball":2,"minecraft:music_disc_strad":3,"minecraft:big_dripleaf":1,"minecraft:redstone_torch":10,"minecraft:iron_hoe":1,"minecraft:wooden_axe":44,"minecraft:apple":2,"minecraft:netherite_shovel":33,"minecraft:iron_axe":9,"minecraft:sunflower":1,"minecraft:lantern":15,"minecraft:bread":10,"minecraft:grass_block":153,"minecraft:string":25,"minecraft:spruce_trapdoor":1,"minecraft:cherry_leaves":90,"minecraft:stone_axe":26,"minecraft:red_carpet":2,"minecraft:redstone_lamp":11,"minecraft:cobblestone":34,"minecraft:furnace":2,"minecraft:chain":20,"minecraft:cooked_beef":1,"minecraft:egg":2,"minecraft:white_concrete":326,"minecraft:cherry_log":19,"minecraft:turtle_egg":1,"minecraft:jukebox":4,"minecraft:splash_potion":1},"minecraft:broken":{"minecraft:stone_pickaxe":1},"minecraft:dropped":{"minecraft:note_block":2,"minecraft:sculk_sensor":1,"minecraft:rotten_flesh":2,"minecraft:music_disc_11":1,"minecraft:golden_leggings":1,"minecraft:iron_pickaxe":1},"minecraft:crafted":{"minecraft:cooked_beef":1,"minecraft:oak_planks":132,"minecraft:wooden_pickaxe":1,"minecraft:iron_sword":1,"cobblemon:apricorn_planks":20,"minecraft:furnace":2,"minecraft:copper_ingot":64,"minecraft:birch_planks":8,"minecraft:stone_axe":1,"minecraft:air":0,"minecraft:iron_axe":1,"minecraft:iron_hoe":1,"minecraft:stick":24,"minecraft:iron_ingot":17,"minecraft:iron_pickaxe":2,"minecraft:stone_pickaxe":1,"minecraft:wooden_axe":1,"minecraft:chest":3,"minecraft:torch":16},"minecraft:mined":{"minecraft:light_gray_carpet":3,"minecraft:red_carpet":2,"minecraft:spruce_planks":1,"cobblemon:apricorn_leaves":2,"cobblemon:apricorn_log":5,"cobblemon:big_root":5,"minecraft:granite":5,"minecraft:spruce_trapdoor":2,"minecraft:ladder":3,"minecraft:grass_block":4,"minecraft:chest":3,"minecraft:tall_grass":9,"minecraft:copper_ore":11,"minecraft:diorite":1,"minecraft:oak_planks":5,"cobblemon:oran_berry":1,"cobblemon:relic_coin_pouch":4,"minecraft:blue_bed":3,"minecraft:iron_ore":17,"minecraft:birch_log":2,"minecraft:white_carpet":5,"minecraft:grass":16,"minecraft:coal_ore":29,"minecraft:oak_log":34,"minecraft:sunflower":3,"minecraft:dirt":6,"minecraft:stone":79,"minecraft:oak_leaves":4},"minecraft:killed":{"minecraft:sheep":2,"minecraft:zombie":2,"minecraft:axolotl":4,"minecraft:cow":1},"minecraft:custom":{"minecraft:interact_with_smithing_table":1,"minecraft:interact_with_furnace":30,"minecraft:mob_kills":9,"minecraft:play_record":3,"minecraft:interact_with_crafting_table":22,"minecraft:open_barrel":3,"minecraft:leave_game":2,"minecraft:time_since_death":172777,"minecraft:sleep_in_bed":7,"minecraft:climb_one_cm":17715,"minecraft:time_since_rest":13928,"minecraft:sprint_one_cm":147797,"minecraft:damage_taken":444,"minecraft:walk_one_cm":735016,"minecraft:drop":7,"minecraft:damage_dealt":1758,"minecraft:swim_one_cm":8440,"minecraft:talked_to_villager":6,"minecraft:fly_one_cm":576680,"minecraft:open_chest":46,"minecraft:crouch_one_cm":34709,"minecraft:play_time":172777,"minecraft:sneak_time":11722,"minecraft:walk_under_water_one_cm":32310,"minecraft:jump":2023,"minecraft:interact_with_brewingstand":1,"minecraft:walk_on_water_one_cm":5064,"minecraft:interact_with_smoker":1,"minecraft:total_world_time":172777,"minecraft:fall_one_cm":38260}},"DataVersion":3465}