{"stats":{"minecraft:used":{"minecraft:red_carpet":2,"minecraft:apple":1,"minecraft:white_carpet":5,"minecraft:light_gray_carpet":3,"minecraft:splash_potion":1},"minecraft:custom":{"minecraft:time_since_rest":5062,"minecraft:open_chest":5,"minecraft:walk_one_cm":33826,"minecraft:damage_taken":128,"minecraft:play_time":15080,"minecraft:sprint_one_cm":24815,"minecraft:interact_with_furnace":1,"minecraft:sneak_time":76,"minecraft:walk_under_water_one_cm":3492,"minecraft:jump":255,"minecraft:interact_with_brewingstand":1,"minecraft:damage_dealt":8,"minecraft:walk_on_water_one_cm":337,"minecraft:time_since_death":15080,"minecraft:sleep_in_bed":1,"minecraft:total_world_time":15080,"minecraft:climb_one_cm":14194,"minecraft:talked_to_villager":4,"minecraft:swim_one_cm":8018,"minecraft:fall_one_cm":7454,"minecraft:fly_one_cm":78673},"minecraft:mined":{"minecraft:light_gray_carpet":3,"minecraft:red_carpet":2,"minecraft:white_carpet":5,"cobblemon:oran_berry":1},"minecraft:picked_up":{"minecraft:white_carpet":12,"minecraft:red_carpet":2,"cobblemon:oran_berry":3,"minecraft:light_gray_carpet":3,"minecraft:snowball":27,"minecraft:red_bed":1}},"DataVersion":3465}