{"stats":{"minecraft:used":{"minecraft:apple":1,"minecraft:flint_and_steel":11,"minecraft:lantern":10,"minecraft:bread":4,"minecraft:light_gray_carpet":3,"minecraft:red_mushroom_block":277,"minecraft:quartz_stairs":1,"minecraft:red_carpet":2,"minecraft:white_carpet":5,"minecraft:oak_slab":106,"minecraft:chain":16,"minecraft:white_concrete":326,"minecraft:snowball":2,"minecraft:splash_potion":1},"minecraft:dropped":{"minecraft:golden_leggings":1},"minecraft:custom":{"minecraft:time_since_rest":51859,"minecraft:interact_with_smithing_table":1,"minecraft:interact_with_furnace":2,"minecraft:sprint_one_cm":33359,"minecraft:damage_taken":128,"minecraft:walk_one_cm":177418,"minecraft:drop":1,"minecraft:damage_dealt":68,"minecraft:swim_one_cm":8018,"minecraft:talked_to_villager":5,"minecraft:fly_one_cm":281763,"minecraft:open_barrel":3,"minecraft:open_chest":6,"minecraft:crouch_one_cm":8072,"minecraft:play_time":61877,"minecraft:sneak_time":2753,"minecraft:walk_under_water_one_cm":3492,"minecraft:jump":569,"minecraft:interact_with_brewingstand":1,"minecraft:leave_game":1,"minecraft:walk_on_water_one_cm":337,"minecraft:time_since_death":61877,"minecraft:sleep_in_bed":1,"minecraft:climb_one_cm":14507,"minecraft:total_world_time":61877,"minecraft:fall_one_cm":10289},"minecraft:mined":{"minecraft:red_carpet":2,"minecraft:light_gray_carpet":3,"minecraft:birch_log":2,"minecraft:white_carpet":5,"minecraft:grass":1,"cobblemon:oran_berry":1,"minecraft:blue_bed":3},"minecraft:picked_up":{"minecraft:birch_log":2,"minecraft:pink_petals":4,"cobblemon:red_apricorn":3,"cobblemon:cheri_berry":7,"cobblemon:pink_apricorn":5,"minecraft:blue_bed":3,"minecraft:red_bed":1,"cobblemon:white_apricorn":4,"minecraft:white_carpet":12,"minecraft:red_carpet":2,"minecraft:arrow":3,"cobblemon:oran_berry":12,"minecraft:cherry_sapling":1,"minecraft:light_gray_carpet":3,"minecraft:snowball":27}},"DataVersion":3465}