{"stats":{"minecraft:custom":{"minecraft:jump":65,"minecraft:time_since_rest":3080,"minecraft:sprint_one_cm":7255,"minecraft:play_time":3080,"minecraft:damage_taken":30,"minecraft:time_since_death":3080,"minecraft:walk_one_cm":9390,"minecraft:sneak_time":9,"minecraft:climb_one_cm":16,"minecraft:total_world_time":3080,"minecraft:fall_one_cm":3785,"minecraft:fly_one_cm":12951},"minecraft:mined":{"minecraft:white_carpet":5,"minecraft:light_gray_carpet":3},"minecraft:picked_up":{"minecraft:white_carpet":4,"minecraft:light_gray_carpet":3}},"DataVersion":3465}