{"stats":{"minecraft:picked_up":{"minecraft:birch_log":2,"minecraft:pink_petals":103,"minecraft:music_disc_strad":2,"minecraft:ladder":3,"cobblemon:red_apricorn":11,"minecraft:flint":3,"cobblemon:wepear_berry":4,"minecraft:dirt":3,"minecraft:blue_bed":3,"minecraft:red_bed":1,"cobblemon:white_apricorn":4,"minecraft:white_carpet":12,"minecraft:red_carpet":2,"minecraft:wheat_seeds":1,"minecraft:spruce_planks":1,"cobblemon:oran_berry":12,"cobblemon:relic_coin":28,"minecraft:redstone_torch":1,"minecraft:spruce_trapdoor":2,"minecraft:egg":2,"cobblemon:red_apricorn_seed":1,"minecraft:note_block":2,"cobblemon:cheri_berry":33,"cobblemon:persim_berry":17,"minecraft:music_disc_11":1,"cobblemon:pink_apricorn":7,"minecraft:arrow":3,"minecraft:sculk_sensor":1,"minecraft:rotten_flesh":7,"cobblemon:dubious_disc":1,"minecraft:cherry_sapling":1,"cobblemon:chesto_berry":8,"minecraft:light_gray_carpet":3,"minecraft:snowball":27},"minecraft:used":{"minecraft:water_bucket":76,"minecraft:netherite_sword":14,"minecraft:dirt_path":1,"minecraft:flint_and_steel":16,"minecraft:redstone":2,"minecraft:ladder":3,"minecraft:light_gray_carpet":3,"minecraft:axolotl_spawn_egg":9,"minecraft:red_mushroom_block":277,"minecraft:blue_bed":3,"minecraft:quartz_stairs":13,"minecraft:sculk_sensor":1,"minecraft:pink_candle":20,"minecraft:dirt":3,"minecraft:white_carpet":5,"minecraft:oak_slab":106,"minecraft:snowball":2,"minecraft:music_disc_strad":3,"minecraft:big_dripleaf":1,"minecraft:redstone_torch":10,"minecraft:apple":2,"minecraft:netherite_shovel":33,"minecraft:lantern":15,"minecraft:grass_block":153,"minecraft:bread":6,"minecraft:string":25,"minecraft:spruce_trapdoor":1,"minecraft:cherry_leaves":90,"minecraft:red_carpet":2,"minecraft:redstone_lamp":11,"minecraft:chain":20,"minecraft:egg":2,"minecraft:white_concrete":326,"minecraft:cherry_log":19,"minecraft:turtle_egg":1,"minecraft:jukebox":4,"minecraft:splash_potion":1},"minecraft:dropped":{"minecraft:note_block":2,"minecraft:sculk_sensor":1,"minecraft:rotten_flesh":2,"minecraft:music_disc_11":1,"minecraft:golden_leggings":1},"minecraft:crafted":{"minecraft:wooden_pickaxe":1,"minecraft:birch_planks":8,"minecraft:stick":4,"minecraft:wooden_axe":1},"minecraft:mined":{"minecraft:light_gray_carpet":3,"minecraft:red_carpet":2,"minecraft:spruce_planks":1,"minecraft:spruce_trapdoor":2,"minecraft:ladder":3,"minecraft:grass_block":2,"cobblemon:oran_berry":1,"cobblemon:relic_coin_pouch":4,"minecraft:blue_bed":3,"minecraft:birch_log":2,"minecraft:white_carpet":5,"minecraft:grass":2,"minecraft:dirt":1},"minecraft:killed":{"minecraft:axolotl":4},"minecraft:custom":{"minecraft:interact_with_smithing_table":1,"minecraft:interact_with_furnace":3,"minecraft:mob_kills":4,"minecraft:play_record":3,"minecraft:interact_with_crafting_table":2,"minecraft:open_barrel":3,"minecraft:leave_game":1,"minecraft:time_since_death":128196,"minecraft:sleep_in_bed":4,"minecraft:climb_one_cm":17715,"minecraft:time_since_rest":2165,"minecraft:sprint_one_cm":113856,"minecraft:damage_taken":287,"minecraft:walk_one_cm":477863,"minecraft:drop":6,"minecraft:damage_dealt":1048,"minecraft:swim_one_cm":8440,"minecraft:talked_to_villager":5,"minecraft:fly_one_cm":495505,"minecraft:open_chest":18,"minecraft:crouch_one_cm":19647,"minecraft:play_time":128196,"minecraft:sneak_time":6861,"minecraft:walk_under_water_one_cm":32253,"minecraft:jump":1441,"minecraft:interact_with_brewingstand":1,"minecraft:walk_on_water_one_cm":1861,"minecraft:interact_with_smoker":1,"minecraft:total_world_time":128196,"minecraft:fall_one_cm":28694}},"DataVersion":3465}