{"stats":{"minecraft:picked_up":{"minecraft:birch_log":2,"minecraft:pink_petals":103,"minecraft:music_disc_strad":2,"minecraft:ladder":3,"cobblemon:red_apricorn":11,"minecraft:flint":3,"minecraft:oak_log":17,"cobblemon:wepear_berry":4,"minecraft:red_bed":1,"minecraft:blue_bed":3,"minecraft:dirt":3,"cobblemon:white_apricorn":4,"minecraft:white_carpet":12,"minecraft:red_carpet":2,"minecraft:wheat_seeds":2,"minecraft:spruce_planks":1,"cobblemon:oran_berry":12,"cobblemon:relic_coin":28,"minecraft:redstone_torch":1,"minecraft:chest":1,"minecraft:oak_planks":5,"minecraft:spruce_trapdoor":2,"minecraft:egg":2,"cobblemon:red_apricorn_seed":1,"minecraft:note_block":2,"cobblemon:cheri_berry":33,"cobblemon:persim_berry":17,"minecraft:music_disc_11":1,"cobblemon:pink_apricorn":7,"minecraft:sculk_sensor":1,"minecraft:arrow":3,"minecraft:rotten_flesh":7,"cobblemon:dubious_disc":1,"minecraft:cherry_sapling":1,"cobblemon:chesto_berry":8,"minecraft:light_gray_carpet":3,"minecraft:snowball":27,"minecraft:sunflower":2},"minecraft:used":{"minecraft:water_bucket":76,"minecraft:netherite_sword":14,"minecraft:dirt_path":1,"minecraft:flint_and_steel":16,"minecraft:redstone":2,"minecraft:oak_planks":65,"minecraft:ladder":3,"minecraft:light_gray_carpet":3,"minecraft:axolotl_spawn_egg":9,"minecraft:chest":2,"minecraft:red_mushroom_block":277,"minecraft:quartz_stairs":13,"minecraft:blue_bed":3,"minecraft:sculk_sensor":1,"minecraft:pink_candle":20,"minecraft:dirt":3,"minecraft:white_carpet":5,"minecraft:oak_slab":106,"minecraft:red_bed":1,"minecraft:snowball":2,"minecraft:music_disc_strad":3,"minecraft:big_dripleaf":1,"minecraft:redstone_torch":10,"minecraft:wooden_axe":30,"minecraft:apple":2,"minecraft:netherite_shovel":33,"minecraft:lantern":15,"minecraft:bread":6,"minecraft:grass_block":153,"minecraft:string":25,"minecraft:spruce_trapdoor":1,"minecraft:cherry_leaves":90,"minecraft:red_carpet":2,"minecraft:redstone_lamp":11,"minecraft:chain":20,"minecraft:egg":2,"minecraft:white_concrete":326,"minecraft:cherry_log":19,"minecraft:turtle_egg":1,"minecraft:jukebox":4,"minecraft:splash_potion":1},"minecraft:dropped":{"minecraft:note_block":2,"minecraft:sculk_sensor":1,"minecraft:rotten_flesh":2,"minecraft:music_disc_11":1,"minecraft:golden_leggings":1},"minecraft:crafted":{"minecraft:oak_planks":68,"minecraft:wooden_pickaxe":1,"minecraft:birch_planks":8,"minecraft:stick":4,"minecraft:wooden_axe":1,"minecraft:chest":1},"minecraft:mined":{"minecraft:light_gray_carpet":3,"minecraft:red_carpet":2,"minecraft:spruce_planks":1,"minecraft:spruce_trapdoor":2,"minecraft:ladder":3,"minecraft:grass_block":2,"minecraft:chest":2,"minecraft:oak_planks":5,"cobblemon:oran_berry":1,"cobblemon:relic_coin_pouch":4,"minecraft:blue_bed":3,"minecraft:birch_log":2,"minecraft:white_carpet":5,"minecraft:grass":10,"minecraft:oak_log":18,"minecraft:sunflower":2,"minecraft:dirt":1,"minecraft:oak_leaves":3},"minecraft:killed":{"minecraft:axolotl":4},"minecraft:custom":{"minecraft:interact_with_smithing_table":1,"minecraft:interact_with_furnace":3,"minecraft:mob_kills":4,"minecraft:play_record":3,"minecraft:interact_with_crafting_table":7,"minecraft:open_barrel":3,"minecraft:leave_game":2,"minecraft:time_since_death":136777,"minecraft:sleep_in_bed":4,"minecraft:climb_one_cm":17715,"minecraft:time_since_rest":10746,"minecraft:sprint_one_cm":113856,"minecraft:damage_taken":287,"minecraft:walk_one_cm":539422,"minecraft:drop":6,"minecraft:damage_dealt":1048,"minecraft:swim_one_cm":8440,"minecraft:talked_to_villager":5,"minecraft:fly_one_cm":495914,"minecraft:open_chest":29,"minecraft:crouch_one_cm":25059,"minecraft:play_time":136777,"minecraft:sneak_time":8116,"minecraft:walk_under_water_one_cm":32253,"minecraft:jump":1510,"minecraft:interact_with_brewingstand":1,"minecraft:walk_on_water_one_cm":1861,"minecraft:interact_with_smoker":1,"minecraft:total_world_time":136777,"minecraft:fall_one_cm":29648}},"DataVersion":3465}