{"stats":{"minecraft:used":{"minecraft:oak_log":3,"minecraft:dirt":1,"minecraft:torchflower":13,"minecraft:lantern":4,"minecraft:chain":5,"minecraft:egg":2},"minecraft:dropped":{"minecraft:torchflower":1,"minecraft:dirt_path":1,"minecraft:flint":3},"minecraft:custom":{"minecraft:open_chest":1,"minecraft:time_since_rest":54500,"minecraft:crouch_one_cm":28,"minecraft:play_time":54500,"minecraft:sprint_one_cm":54014,"minecraft:damage_taken":10,"minecraft:walk_one_cm":110231,"minecraft:sneak_time":72,"minecraft:mob_kills":1,"minecraft:drop":3,"minecraft:jump":202,"minecraft:damage_dealt":10,"minecraft:leave_game":2,"minecraft:time_since_death":54500,"minecraft:climb_one_cm":1442,"minecraft:total_world_time":54500,"minecraft:fall_one_cm":2456,"minecraft:fly_one_cm":65331},"minecraft:mined":{"minecraft:grass":2,"minecraft:grass_block":1,"minecraft:oak_log":1,"cobblemon:coba_berry":5},"minecraft:picked_up":{"minecraft:pink_petals":6,"minecraft:golden_leggings":1,"minecraft:torchflower":1,"minecraft:cherry_sapling":6,"minecraft:oak_log":1,"cobblemon:coba_berry":3,"cobblemon:pink_apricorn":3,"minecraft:dirt":1,"minecraft:egg":2}},"DataVersion":3465}