{"stats":{"minecraft:picked_up":{"minecraft:pink_petals":6,"minecraft:golden_leggings":1,"minecraft:torchflower":1,"minecraft:cherry_sapling":6,"minecraft:oak_log":1,"cobblemon:coba_berry":3,"cobblemon:pink_apricorn":3,"minecraft:dirt":1,"minecraft:egg":2},"minecraft:used":{"minecraft:oak_log":11,"cfm:pink_sofa":1,"minecraft:dirt":1,"minecraft:torchflower":13,"minecraft:lantern":4,"minecraft:chain":5,"minecraft:egg":2},"minecraft:dropped":{"minecraft:torchflower":1,"cfm:dark_oak_blinds":1,"minecraft:dirt_path":1,"minecraft:flint":3},"minecraft:mined":{"minecraft:grass":2,"minecraft:grass_block":1,"minecraft:oak_log":1,"cobblemon:coba_berry":5},"minecraft:custom":{"minecraft:open_chest":3,"minecraft:time_since_rest":70054,"minecraft:crouch_one_cm":545,"minecraft:play_time":70054,"minecraft:sprint_one_cm":59023,"minecraft:damage_taken":10,"minecraft:walk_one_cm":136233,"minecraft:sneak_time":630,"minecraft:walk_under_water_one_cm":934,"minecraft:mob_kills":1,"minecraft:drop":4,"minecraft:jump":229,"minecraft:damage_dealt":10,"minecraft:leave_game":3,"minecraft:time_since_death":70054,"minecraft:walk_on_water_one_cm":293,"minecraft:total_world_time":70054,"minecraft:climb_one_cm":1442,"minecraft:fall_one_cm":2456,"minecraft:fly_one_cm":259819}},"DataVersion":3465}