{"stats":{"minecraft:picked_up":{"minecraft:music_disc_5":1,"minecraft:music_disc_strad":2,"minecraft:crafting_table":1,"minecraft:chicken":2,"minecraft:wooden_pickaxe":1,"minecraft:stripped_cherry_log":5,"minecraft:music_disc_cat":1,"minecraft:raw_copper":66,"minecraft:music_disc_otherside":1,"minecraft:beef":3,"cobblemon:oran_berry":48,"minecraft:iron_pickaxe":1,"minecraft:chest":1,"cobblemon:master_ball":2,"minecraft:egg":4,"minecraft:furnace":2,"minecraft:stick":2,"minecraft:music_disc_blocks":1,"minecraft:oak_door":1,"minecraft:music_disc_relic":1,"minecraft:torch":2,"minecraft:music_disc_mellohi":1,"minecraft:porkchop":4,"minecraft:cherry_log":110,"minecraft:music_disc_11":1,"minecraft:music_disc_pigstep":1,"cfm:jungle_kitchen_sink_light":1,"minecraft:arrow":2,"minecraft:rotten_flesh":6,"minecraft:music_disc_ward":1,"minecraft:music_disc_wait":1,"minecraft:mutton":7,"cobblemon:blue_apricorn":2,"minecraft:white_wool":3,"minecraft:cobblestone":121,"minecraft:pink_petals":43,"minecraft:feather":1,"minecraft:andesite":37,"minecraft:leather":2,"minecraft:golden_leggings":3,"minecraft:music_disc_stal":1,"minecraft:torchflower":1,"minecraft:oak_log":14,"minecraft:dirt":38,"minecraft:blue_bed":4,"minecraft:bone":2,"minecraft:wheat_seeds":11,"minecraft:music_disc_far":1,"minecraft:stone_pickaxe":1,"cobblemon:coba_berry":3,"minecraft:oak_planks":1,"minecraft:music_disc_chirp":1,"minecraft:music_disc_13":1,"minecraft:pumpkin":19,"cobblemon:cheri_berry":35,"cobblemon:persim_berry":17,"cobblemon:pink_apricorn":3,"minecraft:music_disc_mall":2,"cobblemon:poke_ball":22,"minecraft:cherry_sapling":6,"minecraft:bread":20,"minecraft:coal":50,"minecraft:sunflower":6},"minecraft:broken":{"minecraft:wooden_pickaxe":1,"minecraft:stone_pickaxe":1,"minecraft:stone_axe":1,"minecraft:wooden_axe":1},"minecraft:used":{"minecraft:stone_shovel":1,"minecraft:chest":2,"minecraft:oak_door":3,"minecraft:torch":35,"minecraft:dirt":17,"minecraft:mutton":2,"minecraft:glass":1,"minecraft:wooden_axe":53,"minecraft:lantern":4,"cfm:jungle_kitchen_sink_light":3,"minecraft:furnace":2,"minecraft:egg":2,"hamsters:hamster":1,"minecraft:cherry_log":99,"minecraft:torchflower":13,"minecraft:stone_pickaxe":216,"minecraft:oak_planks":9,"minecraft:wooden_pickaxe":45,"minecraft:cherry_planks":3,"minecraft:blue_bed":4,"minecraft:white_wool":1,"minecraft:crafting_table":3,"minecraft:note_block":1,"minecraft:oak_log":19,"minecraft:cherry_door":2,"minecraft:sunflower":2,"minecraft:music_disc_mall":2,"minecraft:bread":11,"minecraft:stone_axe":184,"minecraft:cobblestone":40,"cfm:pink_sofa":1,"minecraft:cooked_porkchop":4,"minecraft:chain":5},"minecraft:dropped":{"minecraft:torchflower":1,"minecraft:wheat_seeds":3,"cobblemon:dubious_disc":1,"minecraft:music_disc_relic":2,"cobblemon:persim_berry":17,"minecraft:leather":2,"minecraft:music_disc_pigstep":2,"minecraft:flint":3,"minecraft:music_disc_13":2,"minecraft:music_disc_11":1,"minecraft:torch":10,"minecraft:music_disc_strad":3,"minecraft:music_disc_ward":2,"cobblemon:master_ball":1,"minecraft:music_disc_wait":2,"minecraft:music_disc_stal":1,"minecraft:music_disc_cat":1,"minecraft:music_disc_blocks":1,"minecraft:note_block":1,"minecraft:music_disc_chirp":1,"minecraft:music_disc_otherside":2,"minecraft:music_disc_5":2,"minecraft:music_disc_far":1,"minecraft:dirt_path":1,"cfm:dark_oak_blinds":1,"minecraft:music_disc_mall":1,"minecraft:golden_leggings":1,"minecraft:music_disc_mellohi":2},"minecraft:crafted":{"minecraft:cherry_planks":64,"minecraft:oak_door":3,"minecraft:oak_planks":16,"minecraft:stone_shovel":1,"minecraft:cooked_chicken":2,"minecraft:glass":1,"minecraft:stone_pickaxe":3,"minecraft:chest":1,"minecraft:cooked_beef":3,"minecraft:cooked_porkchop":4,"minecraft:crafting_table":2,"minecraft:copper_ingot":6,"minecraft:stone_axe":2,"minecraft:air":0,"minecraft:stick":40,"minecraft:wooden_axe":1,"minecraft:cherry_door":3,"minecraft:torch":48},"minecraft:killed_by":{"minecraft:creeper":1,"minecraft:spider":1},"minecraft:mined":{"minecraft:oak_door":1,"minecraft:cherry_log":112,"minecraft:stripped_cherry_log":3,"minecraft:grass_block":4,"cobblemon:coba_berry":5,"minecraft:furnace":2,"minecraft:andesite":37,"minecraft:pumpkin":7,"minecraft:stone":93,"minecraft:white_wool":1,"minecraft:copper_ore":20,"minecraft:tall_grass":11,"minecraft:oak_planks":1,"minecraft:blue_bed":4,"minecraft:pink_petals":12,"minecraft:grass":47,"minecraft:oak_log":15,"minecraft:coal_ore":50,"minecraft:cherry_leaves":4,"minecraft:sunflower":5,"minecraft:dirt":1},"minecraft:killed":{"minecraft:chicken":2,"minecraft:pig":1,"minecraft:sheep":2,"minecraft:zombie":3},"minecraft:custom":{"minecraft:mob_kills":9,"minecraft:interact_with_crafting_table":26,"minecraft:leave_game":4,"minecraft:time_since_death":65580,"minecraft:climb_one_cm":1442,"minecraft:sprint_one_cm":351025,"minecraft:walk_one_cm":525402,"minecraft:drop":38,"minecraft:talked_to_villager":1,"minecraft:play_time":202523,"minecraft:deaths":3,"minecraft:sneak_time":1305,"minecraft:walk_under_water_one_cm":1975,"minecraft:jump":1081,"minecraft:walk_on_water_one_cm":4241,"minecraft:total_world_time":202523,"minecraft:interact_with_furnace":34,"minecraft:play_record":2,"minecraft:tune_noteblock":2,"minecraft:sleep_in_bed":13,"minecraft:time_since_rest":10415,"minecraft:damage_taken":1275,"minecraft:damage_dealt":1381,"minecraft:fly_one_cm":479323,"minecraft:open_chest":24,"minecraft:crouch_one_cm":1651,"minecraft:fall_one_cm":14388}},"DataVersion":3465}