{"stats":{"minecraft:picked_up":{"minecraft:music_disc_5":1,"minecraft:pink_petals":18,"minecraft:music_disc_strad":2,"minecraft:andesite":37,"minecraft:golden_leggings":2,"minecraft:wooden_pickaxe":1,"minecraft:music_disc_stal":1,"minecraft:torchflower":1,"minecraft:oak_log":14,"minecraft:blue_bed":3,"minecraft:music_disc_cat":1,"minecraft:dirt":21,"minecraft:raw_copper":5,"minecraft:bone":2,"minecraft:wheat_seeds":7,"minecraft:music_disc_otherside":1,"minecraft:music_disc_far":1,"minecraft:stone_pickaxe":1,"cobblemon:oran_berry":48,"cobblemon:coba_berry":3,"minecraft:iron_pickaxe":1,"minecraft:oak_planks":1,"minecraft:chest":1,"minecraft:furnace":1,"minecraft:egg":2,"minecraft:music_disc_chirp":1,"minecraft:stick":2,"minecraft:music_disc_blocks":1,"minecraft:pumpkin":19,"minecraft:music_disc_13":1,"minecraft:music_disc_relic":1,"minecraft:music_disc_mellohi":1,"cobblemon:cheri_berry":35,"minecraft:porkchop":2,"cobblemon:persim_berry":17,"minecraft:cherry_log":101,"minecraft:music_disc_11":1,"cobblemon:pink_apricorn":3,"minecraft:music_disc_pigstep":1,"cfm:jungle_kitchen_sink_light":1,"minecraft:music_disc_mall":2,"minecraft:arrow":1,"minecraft:rotten_flesh":4,"cobblemon:poke_ball":16,"minecraft:music_disc_ward":1,"minecraft:cherry_sapling":6,"minecraft:bread":20,"minecraft:music_disc_wait":1,"minecraft:mutton":7,"minecraft:coal":31,"cobblemon:blue_apricorn":2,"minecraft:cobblestone":29,"minecraft:white_wool":3,"minecraft:sunflower":5},"minecraft:broken":{"minecraft:wooden_pickaxe":1},"minecraft:used":{"minecraft:torchflower":13,"minecraft:stone_pickaxe":91,"minecraft:oak_planks":9,"minecraft:chest":1,"minecraft:wooden_pickaxe":45,"minecraft:blue_bed":3,"minecraft:oak_door":2,"minecraft:white_wool":1,"minecraft:dirt":1,"minecraft:mutton":2,"minecraft:crafting_table":1,"minecraft:note_block":1,"minecraft:oak_log":19,"minecraft:sunflower":2,"minecraft:music_disc_mall":2,"minecraft:lantern":4,"minecraft:bread":7,"cfm:jungle_kitchen_sink_light":3,"minecraft:stone_axe":105,"minecraft:cobblestone":2,"cfm:pink_sofa":1,"minecraft:cooked_porkchop":1,"minecraft:furnace":1,"minecraft:chain":5,"hamsters:hamster":1,"minecraft:egg":2},"minecraft:dropped":{"minecraft:torchflower":1,"minecraft:note_block":1,"minecraft:music_disc_chirp":1,"minecraft:music_disc_otherside":2,"cobblemon:dubious_disc":1,"minecraft:music_disc_5":2,"minecraft:music_disc_relic":2,"cobblemon:persim_berry":17,"minecraft:music_disc_far":1,"minecraft:music_disc_pigstep":2,"minecraft:dirt_path":1,"minecraft:music_disc_11":1,"minecraft:music_disc_13":2,"minecraft:flint":3,"cfm:dark_oak_blinds":1,"minecraft:music_disc_mall":1,"minecraft:music_disc_strad":3,"minecraft:music_disc_ward":2,"minecraft:music_disc_wait":2,"minecraft:music_disc_mellohi":2,"minecraft:music_disc_stal":1,"minecraft:music_disc_cat":1,"minecraft:music_disc_blocks":1},"minecraft:crafted":{"minecraft:cherry_planks":20,"minecraft:oak_door":3,"minecraft:oak_planks":16,"minecraft:cooked_porkchop":2,"minecraft:crafting_table":1,"minecraft:copper_ingot":6,"minecraft:stone_axe":1,"minecraft:air":0,"minecraft:stick":4,"minecraft:stone_pickaxe":1},"minecraft:killed_by":{"minecraft:creeper":1,"minecraft:spider":1},"minecraft:mined":{"minecraft:cherry_log":103,"minecraft:grass_block":4,"minecraft:tall_grass":4,"minecraft:copper_ore":2,"cobblemon:coba_berry":5,"minecraft:oak_planks":1,"minecraft:blue_bed":3,"minecraft:pink_petals":12,"minecraft:furnace":1,"minecraft:andesite":37,"minecraft:pumpkin":7,"minecraft:grass":31,"minecraft:coal_ore":31,"minecraft:oak_log":15,"minecraft:cherry_leaves":4,"minecraft:sunflower":4,"minecraft:stone":19,"minecraft:white_wool":1},"minecraft:killed":{"minecraft:sheep":2},"minecraft:custom":{"minecraft:interact_with_furnace":18,"minecraft:mob_kills":3,"minecraft:play_record":2,"minecraft:interact_with_crafting_table":14,"minecraft:tune_noteblock":2,"minecraft:leave_game":4,"minecraft:time_since_death":23580,"minecraft:sleep_in_bed":6,"minecraft:climb_one_cm":1442,"minecraft:time_since_rest":11315,"minecraft:sprint_one_cm":235776,"minecraft:damage_taken":905,"minecraft:walk_one_cm":361067,"minecraft:drop":33,"minecraft:damage_dealt":510,"minecraft:talked_to_villager":1,"minecraft:fly_one_cm":449494,"minecraft:open_chest":6,"minecraft:crouch_one_cm":1651,"minecraft:play_time":160523,"minecraft:deaths":3,"minecraft:sneak_time":1305,"minecraft:walk_under_water_one_cm":1884,"minecraft:jump":807,"minecraft:walk_on_water_one_cm":575,"minecraft:total_world_time":160523,"minecraft:fall_one_cm":8656}},"DataVersion":3465}