{"stats":{"minecraft:picked_up":{"minecraft:music_disc_5":1,"minecraft:pink_petals":6,"minecraft:music_disc_strad":2,"minecraft:music_disc_blocks":1,"minecraft:music_disc_13":1,"minecraft:music_disc_relic":1,"minecraft:golden_leggings":1,"minecraft:music_disc_mellohi":1,"minecraft:music_disc_stal":1,"minecraft:torchflower":1,"minecraft:oak_log":1,"minecraft:music_disc_11":1,"cobblemon:pink_apricorn":3,"minecraft:music_disc_pigstep":1,"minecraft:music_disc_cat":1,"minecraft:dirt":1,"cfm:jungle_kitchen_sink_light":1,"minecraft:music_disc_mall":2,"minecraft:music_disc_ward":1,"minecraft:music_disc_otherside":1,"minecraft:music_disc_far":1,"minecraft:cherry_sapling":6,"cobblemon:coba_berry":3,"minecraft:music_disc_wait":1,"minecraft:music_disc_chirp":1,"minecraft:egg":2},"minecraft:used":{"minecraft:oak_log":11,"minecraft:torchflower":13,"minecraft:music_disc_mall":2,"minecraft:lantern":4,"cfm:jungle_kitchen_sink_light":3,"minecraft:dirt":1,"cfm:pink_sofa":1,"minecraft:chain":5,"minecraft:egg":2,"hamsters:hamster":1,"minecraft:note_block":1},"minecraft:dropped":{"minecraft:torchflower":1,"minecraft:note_block":1,"cfm:dark_oak_blinds":1,"minecraft:music_disc_chirp":1,"minecraft:music_disc_otherside":1,"minecraft:music_disc_mall":1,"cobblemon:dubious_disc":1,"minecraft:music_disc_5":1,"minecraft:music_disc_relic":1,"minecraft:music_disc_strad":1,"minecraft:music_disc_ward":1,"minecraft:music_disc_wait":1,"minecraft:music_disc_far":1,"minecraft:music_disc_mellohi":1,"minecraft:music_disc_pigstep":1,"minecraft:music_disc_stal":1,"minecraft:dirt_path":1,"minecraft:music_disc_cat":1,"minecraft:music_disc_11":1,"minecraft:music_disc_13":1,"minecraft:flint":3,"minecraft:music_disc_blocks":1},"minecraft:mined":{"minecraft:grass":2,"minecraft:grass_block":1,"minecraft:oak_log":1,"cobblemon:coba_berry":5},"minecraft:custom":{"minecraft:time_since_rest":82054,"minecraft:sprint_one_cm":68348,"minecraft:damage_taken":10,"minecraft:walk_one_cm":171302,"minecraft:mob_kills":1,"minecraft:drop":22,"minecraft:damage_dealt":33,"minecraft:play_record":2,"minecraft:tune_noteblock":2,"minecraft:fly_one_cm":403151,"minecraft:open_chest":3,"minecraft:crouch_one_cm":1590,"minecraft:play_time":82054,"minecraft:sneak_time":1289,"minecraft:walk_under_water_one_cm":1884,"minecraft:jump":307,"minecraft:walk_on_water_one_cm":575,"minecraft:leave_game":3,"minecraft:time_since_death":82054,"minecraft:climb_one_cm":1442,"minecraft:total_world_time":82054,"minecraft:fall_one_cm":2456}},"DataVersion":3465}