{"stats":{"minecraft:used":{"minecraft:oak_log":3,"minecraft:dirt":1,"minecraft:torchflower":5,"minecraft:egg":2},"minecraft:dropped":{"minecraft:torchflower":1},"minecraft:custom":{"minecraft:open_chest":1,"minecraft:time_since_rest":30500,"minecraft:play_time":30500,"minecraft:sprint_one_cm":43362,"minecraft:damage_taken":10,"minecraft:walk_one_cm":50425,"minecraft:sneak_time":2,"minecraft:mob_kills":1,"minecraft:drop":1,"minecraft:jump":138,"minecraft:damage_dealt":10,"minecraft:leave_game":2,"minecraft:time_since_death":30500,"minecraft:climb_one_cm":1442,"minecraft:total_world_time":30500,"minecraft:fall_one_cm":2456,"minecraft:fly_one_cm":53189},"minecraft:mined":{"minecraft:grass":2,"minecraft:grass_block":1,"minecraft:oak_log":1,"cobblemon:coba_berry":5},"minecraft:picked_up":{"minecraft:pink_petals":6,"minecraft:golden_leggings":1,"minecraft:torchflower":1,"minecraft:cherry_sapling":6,"minecraft:oak_log":1,"cobblemon:coba_berry":3,"cobblemon:pink_apricorn":3,"minecraft:dirt":1,"minecraft:egg":2}},"DataVersion":3465}