{"stats":{"minecraft:picked_up":{"minecraft:music_disc_5":1,"minecraft:pink_petals":14,"minecraft:music_disc_strad":2,"minecraft:andesite":37,"minecraft:golden_leggings":2,"minecraft:wooden_pickaxe":1,"minecraft:music_disc_stal":1,"minecraft:torchflower":1,"minecraft:oak_log":1,"minecraft:music_disc_cat":1,"minecraft:dirt":20,"minecraft:raw_copper":5,"minecraft:bone":2,"minecraft:wheat_seeds":4,"minecraft:music_disc_otherside":1,"minecraft:music_disc_far":1,"cobblemon:oran_berry":32,"cobblemon:coba_berry":3,"minecraft:iron_pickaxe":1,"minecraft:chest":1,"minecraft:egg":2,"minecraft:music_disc_chirp":1,"minecraft:stick":2,"minecraft:music_disc_blocks":1,"minecraft:pumpkin":12,"minecraft:music_disc_13":1,"minecraft:music_disc_relic":1,"minecraft:music_disc_mellohi":1,"minecraft:cherry_log":5,"minecraft:music_disc_11":1,"cobblemon:pink_apricorn":3,"minecraft:music_disc_pigstep":1,"cfm:jungle_kitchen_sink_light":1,"minecraft:music_disc_mall":2,"minecraft:arrow":1,"minecraft:rotten_flesh":1,"cobblemon:poke_ball":10,"minecraft:music_disc_ward":1,"minecraft:cherry_sapling":6,"minecraft:bread":13,"minecraft:music_disc_wait":1,"minecraft:mutton":2,"minecraft:coal":25,"cobblemon:blue_apricorn":2,"minecraft:cobblestone":16,"minecraft:white_wool":3,"minecraft:sunflower":4},"minecraft:broken":{"minecraft:wooden_pickaxe":1},"minecraft:used":{"minecraft:torchflower":13,"minecraft:stone_pickaxe":53,"minecraft:chest":1,"minecraft:wooden_pickaxe":45,"minecraft:white_wool":1,"minecraft:dirt":1,"minecraft:mutton":2,"minecraft:crafting_table":1,"minecraft:note_block":1,"minecraft:oak_log":11,"minecraft:sunflower":2,"minecraft:music_disc_mall":2,"minecraft:lantern":4,"minecraft:bread":6,"cfm:jungle_kitchen_sink_light":3,"minecraft:cobblestone":1,"cfm:pink_sofa":1,"minecraft:chain":5,"hamsters:hamster":1,"minecraft:egg":2},"minecraft:dropped":{"minecraft:torchflower":1,"minecraft:note_block":1,"minecraft:music_disc_chirp":1,"minecraft:music_disc_otherside":2,"cobblemon:dubious_disc":1,"minecraft:music_disc_5":2,"minecraft:music_disc_relic":2,"minecraft:music_disc_far":1,"minecraft:music_disc_pigstep":2,"minecraft:dirt_path":1,"minecraft:music_disc_11":1,"minecraft:music_disc_13":2,"minecraft:flint":3,"cfm:dark_oak_blinds":1,"minecraft:music_disc_mall":1,"minecraft:music_disc_strad":3,"minecraft:music_disc_ward":2,"minecraft:music_disc_wait":2,"minecraft:music_disc_mellohi":2,"minecraft:music_disc_stal":1,"minecraft:music_disc_cat":1,"minecraft:music_disc_blocks":1},"minecraft:crafted":{"minecraft:cherry_planks":20,"minecraft:crafting_table":1,"minecraft:copper_ingot":6,"minecraft:air":0,"minecraft:stone_pickaxe":1},"minecraft:killed_by":{"minecraft:creeper":1},"minecraft:mined":{"minecraft:cherry_log":5,"minecraft:grass_block":3,"minecraft:tall_grass":2,"minecraft:copper_ore":2,"cobblemon:coba_berry":5,"minecraft:pink_petals":11,"minecraft:andesite":37,"minecraft:pumpkin":6,"minecraft:grass":25,"minecraft:coal_ore":25,"minecraft:oak_log":1,"minecraft:sunflower":3,"minecraft:stone":18,"minecraft:white_wool":1},"minecraft:killed":{"minecraft:sheep":2},"minecraft:custom":{"minecraft:interact_with_furnace":7,"minecraft:mob_kills":3,"minecraft:play_record":2,"minecraft:interact_with_crafting_table":9,"minecraft:tune_noteblock":2,"minecraft:leave_game":4,"minecraft:time_since_death":32986,"minecraft:sleep_in_bed":5,"minecraft:climb_one_cm":1442,"minecraft:time_since_rest":1928,"minecraft:sprint_one_cm":175791,"minecraft:damage_taken":695,"minecraft:walk_one_cm":298427,"minecraft:drop":32,"minecraft:damage_dealt":358,"minecraft:fly_one_cm":431433,"minecraft:open_chest":5,"minecraft:crouch_one_cm":1651,"minecraft:play_time":136523,"minecraft:deaths":2,"minecraft:sneak_time":1305,"minecraft:walk_under_water_one_cm":1884,"minecraft:jump":622,"minecraft:walk_on_water_one_cm":575,"minecraft:total_world_time":136523,"minecraft:fall_one_cm":5887}},"DataVersion":3465}