{"stats":{"minecraft:picked_up":{"minecraft:music_disc_5":1,"minecraft:music_disc_strad":2,"minecraft:crafting_table":1,"minecraft:chicken":2,"minecraft:wooden_pickaxe":1,"minecraft:stripped_cherry_log":5,"minecraft:amethyst_block":40,"minecraft:music_disc_cat":1,"minecraft:raw_copper":66,"minecraft:cobbled_deepslate":13,"minecraft:music_disc_otherside":1,"minecraft:beef":3,"cobblemon:oran_berry":48,"minecraft:calcite":8,"minecraft:iron_pickaxe":3,"cobblemon:big_root":1,"minecraft:chest":1,"cobblemon:master_ball":2,"minecraft:egg":4,"minecraft:furnace":2,"minecraft:stick":34,"minecraft:raw_iron":3,"minecraft:music_disc_blocks":1,"minecraft:oak_door":1,"minecraft:music_disc_relic":1,"minecraft:torch":23,"minecraft:music_disc_mellohi":1,"minecraft:porkchop":4,"minecraft:cherry_log":110,"minecraft:music_disc_11":1,"minecraft:music_disc_pigstep":1,"minecraft:carrot":2,"minecraft:redstone":179,"cfm:jungle_kitchen_sink_light":1,"minecraft:stone_shovel":1,"minecraft:arrow":4,"minecraft:rotten_flesh":27,"minecraft:music_disc_ward":1,"minecraft:music_disc_wait":1,"minecraft:mutton":7,"cobblemon:blue_apricorn":2,"minecraft:white_wool":3,"minecraft:cobblestone":149,"minecraft:pink_petals":43,"minecraft:feather":1,"minecraft:andesite":50,"minecraft:leather":2,"minecraft:golden_leggings":3,"minecraft:music_disc_stal":1,"minecraft:potato":1,"minecraft:torchflower":1,"minecraft:oak_log":14,"minecraft:dirt":39,"minecraft:blue_bed":4,"minecraft:bone":4,"minecraft:wheat_seeds":11,"minecraft:raw_gold":6,"minecraft:music_disc_far":1,"minecraft:stone_pickaxe":2,"cobblemon:coba_berry":3,"minecraft:oak_planks":1,"minecraft:music_disc_chirp":1,"cobblemon:sun_stone":4,"minecraft:smooth_basalt":10,"minecraft:music_disc_13":1,"minecraft:pumpkin":19,"minecraft:gravel":1,"cobblemon:cheri_berry":35,"minecraft:amethyst_shard":20,"cobblemon:persim_berry":17,"cobblemon:pink_apricorn":3,"minecraft:music_disc_mall":2,"minecraft:stone_axe":1,"minecraft:diamond":2,"cobblemon:poke_ball":22,"minecraft:cherry_sapling":6,"minecraft:bread":21,"minecraft:coal":94,"minecraft:sunflower":6},"minecraft:broken":{"minecraft:wooden_pickaxe":1,"minecraft:stone_pickaxe":2,"minecraft:stone_axe":1,"minecraft:wooden_axe":1},"minecraft:used":{"minecraft:stone_shovel":1,"minecraft:chest":2,"minecraft:cooked_chicken":2,"minecraft:oak_door":3,"minecraft:torch":60,"minecraft:dirt":17,"minecraft:mutton":2,"minecraft:carrot":1,"minecraft:glass":1,"minecraft:wooden_axe":53,"minecraft:lantern":4,"cfm:jungle_kitchen_sink_light":3,"minecraft:furnace":2,"minecraft:egg":2,"hamsters:hamster":1,"minecraft:cooked_beef":1,"minecraft:cherry_log":99,"minecraft:torchflower":13,"minecraft:stone_pickaxe":306,"minecraft:oak_planks":9,"minecraft:wooden_pickaxe":45,"minecraft:cherry_planks":3,"minecraft:blue_bed":4,"minecraft:white_wool":1,"minecraft:crafting_table":3,"minecraft:note_block":1,"minecraft:oak_log":19,"minecraft:cherry_door":2,"minecraft:sunflower":2,"minecraft:music_disc_mall":2,"minecraft:bread":12,"minecraft:iron_pickaxe":84,"minecraft:stone_axe":184,"minecraft:cobblestone":96,"cfm:pink_sofa":1,"minecraft:cooked_porkchop":4,"minecraft:andesite":3,"minecraft:chain":5},"minecraft:dropped":{"minecraft:torchflower":1,"minecraft:wheat_seeds":3,"cobblemon:dubious_disc":1,"minecraft:music_disc_relic":2,"cobblemon:persim_berry":17,"minecraft:leather":2,"minecraft:music_disc_pigstep":2,"minecraft:stick":48,"minecraft:flint":3,"minecraft:music_disc_13":2,"minecraft:music_disc_11":1,"minecraft:torch":10,"minecraft:music_disc_strad":3,"minecraft:music_disc_ward":2,"cobblemon:master_ball":1,"minecraft:music_disc_wait":2,"minecraft:music_disc_stal":1,"minecraft:music_disc_cat":1,"minecraft:music_disc_blocks":1,"minecraft:note_block":1,"minecraft:music_disc_chirp":1,"minecraft:music_disc_otherside":2,"minecraft:music_disc_5":2,"minecraft:music_disc_far":1,"minecraft:dirt_path":1,"cfm:dark_oak_blinds":1,"minecraft:music_disc_mall":1,"minecraft:golden_leggings":1,"minecraft:music_disc_mellohi":2},"minecraft:crafted":{"minecraft:cherry_planks":64,"minecraft:oak_door":3,"minecraft:oak_planks":16,"minecraft:stone_shovel":1,"minecraft:cooked_chicken":2,"minecraft:glass":1,"minecraft:stone_pickaxe":3,"minecraft:chest":1,"minecraft:cooked_beef":3,"minecraft:cooked_porkchop":4,"minecraft:crafting_table":2,"minecraft:copper_ingot":6,"minecraft:stone_axe":2,"minecraft:air":0,"minecraft:stick":40,"minecraft:wooden_axe":1,"minecraft:cherry_door":3,"minecraft:torch":48},"minecraft:killed_by":{"minecraft:creeper":1,"minecraft:spider":1,"minecraft:skeleton":2},"minecraft:mined":{"minecraft:oak_door":1,"minecraft:cherry_log":112,"minecraft:stripped_cherry_log":3,"minecraft:budding_amethyst":2,"minecraft:grass_block":4,"cobblemon:coba_berry":5,"minecraft:furnace":2,"minecraft:andesite":45,"minecraft:pumpkin":7,"cobblemon:deepslate_sun_stone_ore":2,"minecraft:deepslate_iron_ore":3,"minecraft:stone":106,"minecraft:white_wool":1,"minecraft:deepslate_redstone_ore":25,"minecraft:amethyst_cluster":2,"minecraft:calcite":6,"minecraft:copper_ore":20,"minecraft:tall_grass":11,"minecraft:deepslate_gold_ore":3,"minecraft:oak_planks":1,"minecraft:blue_bed":4,"minecraft:amethyst_block":22,"minecraft:pink_petals":12,"minecraft:grass":47,"minecraft:oak_log":15,"minecraft:coal_ore":83,"minecraft:cherry_leaves":4,"minecraft:sunflower":5,"minecraft:gravel":1,"minecraft:dirt":1,"minecraft:smooth_basalt":5,"minecraft:deepslate":8},"minecraft:killed":{"minecraft:chicken":2,"minecraft:pig":1,"minecraft:sheep":2,"minecraft:zombie":4},"minecraft:custom":{"minecraft:mob_kills":10,"minecraft:interact_with_crafting_table":29,"minecraft:leave_game":4,"minecraft:time_since_death":3726,"minecraft:climb_one_cm":1442,"minecraft:sprint_one_cm":385321,"minecraft:walk_one_cm":628827,"minecraft:drop":41,"minecraft:talked_to_villager":1,"minecraft:play_time":226523,"minecraft:deaths":5,"minecraft:sneak_time":2024,"minecraft:walk_under_water_one_cm":3180,"minecraft:jump":1324,"minecraft:walk_on_water_one_cm":7053,"minecraft:total_world_time":226523,"minecraft:interact_with_furnace":38,"minecraft:play_record":2,"minecraft:tune_noteblock":2,"minecraft:sleep_in_bed":13,"minecraft:time_since_rest":3771,"minecraft:damage_taken":2115,"minecraft:damage_dealt":1818,"minecraft:fly_one_cm":493063,"minecraft:open_chest":25,"minecraft:crouch_one_cm":3277,"minecraft:fall_one_cm":16820}},"DataVersion":3465}