{"stats":{"minecraft:killed":{"minecraft:sheep":2,"minecraft:pig":1,"minecraft:zombie":1},"minecraft:custom":{"minecraft:time_since_rest":15849,"minecraft:sprint_one_cm":76410,"minecraft:damage_taken":612,"minecraft:walk_one_cm":100232,"minecraft:mob_kills":4,"minecraft:damage_dealt":652,"minecraft:swim_one_cm":18615,"minecraft:fly_one_cm":102247,"minecraft:player_kills":1,"minecraft:crouch_one_cm":1231,"minecraft:play_time":32043,"minecraft:deaths":2,"minecraft:sneak_time":278,"minecraft:walk_under_water_one_cm":9284,"minecraft:jump":888,"minecraft:leave_game":4,"minecraft:walk_on_water_one_cm":25246,"minecraft:time_since_death":15819,"minecraft:climb_one_cm":2598,"minecraft:total_world_time":32043,"minecraft:fall_one_cm":19669,"minecraft:horse_one_cm":856},"minecraft:used":{"minecraft:oak_log":2,"minecraft:rotten_flesh":1,"minecraft:dirt":3,"minecraft:mutton":3,"minecraft:porkchop":1,"minecraft:dandelion":4,"minecraft:pumpkin":3},"minecraft:mined":{"minecraft:birch_log":1,"minecraft:lily_of_the_valley":3,"minecraft:lilac":18,"minecraft:birch_leaves":1,"minecraft:dandelion":4,"minecraft:pumpkin":5,"minecraft:peony":8,"minecraft:short_grass":24,"minecraft:poppy":1,"minecraft:grass_block":18,"minecraft:oak_log":2,"minecraft:cocoa":2,"minecraft:vine":1,"minecraft:sand":3,"minecraft:dirt":7,"minecraft:sugar_cane":2,"minecraft:oak_leaves":15,"minecraft:fern":5},"minecraft:killed_by":{"minecraft:skeleton":1,"minecraft:zombie":1},"minecraft:picked_up":{"minecraft:cocoa_beans":4,"minecraft:lilac":17,"minecraft:clay_ball":2,"minecraft:pumpkin":5,"minecraft:dandelion":4,"minecraft:porkchop":1,"minecraft:sand":2,"minecraft:oak_log":2,"minecraft:lily_of_the_valley":3,"minecraft:dirt":24,"minecraft:rotten_flesh":1,"minecraft:wheat_seeds":2,"minecraft:peony":6,"minecraft:poppy":1,"minecraft:mutton":3,"minecraft:oak_sapling":1,"minecraft:sugar_cane":2,"minecraft:white_wool":2}},"DataVersion":3953}