{"stats":{"minecraft:picked_up":{"minecraft:oak_log":1},"minecraft:mined":{"minecraft:birch_log":1,"minecraft:short_grass":1,"minecraft:grass_block":1,"minecraft:oak_log":1,"minecraft:pumpkin":1,"minecraft:oak_leaves":2},"minecraft:used":{"minecraft:oak_log":1},"minecraft:custom":{"minecraft:jump":116,"minecraft:time_since_rest":5812,"minecraft:walk_on_water_one_cm":868,"minecraft:crouch_one_cm":233,"minecraft:sprint_one_cm":11540,"minecraft:play_time":5812,"minecraft:damage_taken":20,"minecraft:time_since_death":5812,"minecraft:walk_one_cm":22499,"minecraft:sneak_time":43,"minecraft:total_world_time":5812,"minecraft:walk_under_water_one_cm":877,"minecraft:swim_one_cm":5937,"minecraft:fall_one_cm":1796,"minecraft:fly_one_cm":3638}},"DataVersion":3953}