{
  "minecraft:recipes/misc/pink_dye_from_pink_petals": {
    "criteria": {
      "has_pink_petals": "2024-07-15 22:50:44 +0000"
    },
    "done": true
  },
  "minecraft:recipes/decorations/crafting_table": {
    "criteria": {
      "unlock_right_away": "2024-07-15 22:50:35 +0000"
    },
    "done": true
  },
  "ironchest:recipes/decorations/chests/vanilla_dirt_chest": {
    "criteria": {
      "has_iron_ingot": "2024-07-15 22:51:00 +0000"
    },
    "done": true
  },
  "minecraft:adventure/adventuring_time": {
    "criteria": {
      "minecraft:cherry_grove": "2024-07-15 22:50:36 +0000"
    },
    "done": false
  },
  "DataVersion": 3465
}