{
  "minecraft:recipes/decorations/crafting_table": {
    "criteria": {
      "unlock_right_away": "2024-07-15 20:52:46 +0000"
    },
    "done": true
  },
  "cobblemon:root": {
    "criteria": {
      "picked_starter": "2024-07-15 20:53:57 +0000"
    },
    "done": true
  },
  "minecraft:adventure/adventuring_time": {
    "criteria": {
      "minecraft:snowy_plains": "2024-07-15 20:55:04 +0000",
      "minecraft:snowy_taiga": "2024-07-15 20:54:56 +0000",
      "minecraft:forest": "2024-07-15 20:52:47 +0000"
    },
    "done": false
  },
  "DataVersion": 3465
}