{
  "uuid": "41bc58aa-dae5-4434-a064-7dd2ba9b5325",
  "starterPrompted": true,
  "starterLocked": false,
  "starterSelected": true,
  "starterUUID": "8132d226-cd19-46a8-bdc9-0db88ce8ac07",
  "keyItems": [],
  "battleTheme": "cobblemon:battle.pvp.default",
  "extraData": {},
  "advancementData": {
    "totalCaptureCount": 5,
    "totalEggsHatched": 0,
    "totalEvolvedCount": 0,
    "totalBattleVictoryCount": 0,
    "totalPvPBattleVictoryCount": 0,
    "totalPvWBattleVictoryCount": 0,
    "totalPvNBattleVictoryCount": 0,
    "totalShinyCaptureCount": 0,
    "totalTradedCount": 0,
    "totalTypeCaptureCounts": {
      "normal": 1,
      "flying": 1,
      "fire": 1,
      "psychic": 1,
      "grass": 1,
      "rock": 1
    },
    "totalDefeatedCounts": {},
    "aspectsCollected": {}
  }
}