{
  "uuid": "529c4b1f-c3cf-4a94-94d0-7130d642282b",
  "starterPrompted": true,
  "starterLocked": false,
  "starterSelected": true,
  "starterUUID": "b67f91f3-bdd6-4a70-babe-39b5763d1ab1",
  "keyItems": [],
  "battleTheme": "cobblemon:battle.pvp.default",
  "extraData": {},
  "advancementData": {
    "totalCaptureCount": 3,
    "totalEggsHatched": 0,
    "totalEvolvedCount": 0,
    "totalBattleVictoryCount": 1,
    "totalPvPBattleVictoryCount": 0,
    "totalPvWBattleVictoryCount": 1,
    "totalPvNBattleVictoryCount": 0,
    "totalShinyCaptureCount": 0,
    "totalTradedCount": 1,
    "totalTypeCaptureCounts": {
      "normal": 2,
      "bug": 1,
      "flying": 1
    },
    "totalDefeatedCounts": {
      "cobblemon:geodude": 1
    },
    "aspectsCollected": {}
  }
}