{
  "uuid": "0c5d3700-5ac5-4fda-977f-5f2b4d3366d2",
  "starterPrompted": true,
  "starterLocked": false,
  "starterSelected": true,
  "starterUUID": "79dc68bc-4f21-4216-837b-99312285c141",
  "keyItems": [],
  "battleTheme": "cobblemon:battle.pvp.default",
  "extraData": {},
  "advancementData": {
    "totalCaptureCount": 1,
    "totalEggsHatched": 0,
    "totalEvolvedCount": 0,
    "totalBattleVictoryCount": 2,
    "totalPvPBattleVictoryCount": 0,
    "totalPvWBattleVictoryCount": 2,
    "totalPvNBattleVictoryCount": 0,
    "totalShinyCaptureCount": 0,
    "totalTradedCount": 0,
    "totalTypeCaptureCounts": {
      "normal": 1
    },
    "totalDefeatedCounts": {
      "cobblemon:wingull": 1
    },
    "aspectsCollected": {}
  }
}